date,eur/usd,gbp/usd,usd/jpy,usd/chf,usd_index,wti_crude,snp_500,dow_jones,nasdaq,euro_n100,cac_40,dax,gold_usd,brent_crude,fed_rate,euro_libor,us_unemp,eu_unemp,us_retail,eu_retail,us_indus,eu_indus,us_core_cpi,eu_core_cpi,us_cpi,eu_cpi
1999-01-31,1.1599095238095236,1.6505619047619045,113.33476190476189,1.3853761904761908,94.58333333333333,12.47142857142857,1247.9438095238093,9337.773333333334,2353.0676190476183,1000.0,4137.265238095238,5147.515238095238,287.51666666666665,11.05190476190476,4.75,3.136190476190476,4.3,10.1,6.6,1.8,3.7,1.0,2.4,1.4,1.7,0.8
1999-02-28,1.1206150000000001,1.627655,116.68249999999998,1.4272450000000003,97.06999999999998,11.9885,1246.3465,9320.539,2354.8324999999995,1000.0,4124.2045,4960.8245,287.75750000000005,10.534500000000003,4.75,3.0934999999999997,4.4,10.0,7.7,2.3,4.1,-1.1,2.1,1.3,1.6,0.8
1999-03-31,1.0883695652173915,1.6216826086956517,119.53478260869568,1.4626826086956521,99.40521739130433,14.682173913043478,1281.6639130434783,9753.632173913042,2391.14,1000.0,4139.752173913043,4878.616521739131,285.9347826086956,12.877391304347826,4.75,3.048260869565218,4.2,9.9,7.6,3.4,4.2,-0.5,2.1,1.3,1.7,1.0
1999-04-30,1.0700409090909089,1.6085318181818182,119.7931818181818,1.4945727272727274,100.4681818181818,17.286363636363635,1334.1377272727273,10415.72590909091,2538.894545454546,1000.0,4324.717272727273,5169.267272727273,282.56363636363636,15.396363636363633,4.75,2.6968181818181822,4.3,9.9,7.0,2.2,4.1,-0.4,2.2,1.2,2.3,1.1
1999-05-31,1.062509523809524,1.614914285714286,121.94809523809523,1.5080666666666667,101.00333333333332,17.70285714285714,1330.2733333333333,10847.598095238096,2507.8061904761907,1000.0,4358.982380952381,5213.0371428571425,276.7619047619047,15.843333333333335,4.75,2.579999999999999,4.2,9.9,7.5,1.3,4.2,-0.9,2.0,1.2,2.1,1.0
1999-06-30,1.0387454545454544,1.5960590909090913,120.74136363636363,1.5361999999999996,102.46545454545453,17.92,1322.5527272727272,10704.022727272726,2520.958636363637,1000.0,4435.047272727273,5285.868181818182,261.3363636363636,16.208181818181817,4.988636363636363,2.627272727272727,4.3,9.8,6.9,3.0,4.7,0.6,2.1,1.1,2.0,0.9
1999-07-31,1.0364818181818178,1.5759909090909092,119.44136363636362,1.5475954545454547,102.70636363636363,20.069090909090907,1381.314090909091,11053.429545454546,2741.0600000000004,1000.0,4557.865,5461.107272727273,256.2363636363636,18.777727272727272,5.0,2.6750000000000003,4.3,9.8,8.4,2.1,5.7,0.6,2.1,1.2,2.1,1.1
1999-08-31,1.0605590909090907,1.6053727272727272,113.17954545454545,1.509490909090909,100.26545454545452,21.300909090909087,1327.4886363636365,10947.723636363638,2642.449090909091,1000.0,4436.576363636364,5203.999090909091,256.7218181818182,20.482272727272726,5.238636363636363,2.6945454545454544,4.2,9.7,10.1,1.8,4.0,2.4,1.9,1.1,2.3,1.2
1999-09-30,1.050459090909091,1.6242681818181817,107.07000000000002,1.5253363636363637,99.84863636363637,23.735454545454544,1319.6390909090906,10730.60409090909,2809.279090909091,1000.0,4635.4345454545455,5309.290454545454,265.1604545454545,22.84272727272727,5.25,2.727272727272727,4.2,9.7,9.6,1.0,3.8,1.9,2.0,1.0,2.6,1.2
1999-10-31,1.0707095238095239,1.6571952380952384,105.97285714285714,1.489633333333333,98.2457142857143,22.674761904761905,1300.01,10394.445714285714,2815.276666666666,1000.0,4653.110476190476,5320.763333333332,310.3880952380952,22.243333333333332,5.25,3.3766666666666674,4.1,9.6,8.0,3.3,4.4,2.8,2.1,0.9,2.6,1.4
1999-11-30,1.0332454545454546,1.6208,104.64954545454545,1.5541409090909093,100.61681818181818,24.875,1392.1672727272726,10818.821818181817,3240.424090909091,1000.0,5134.751363636365,5786.716363636363,293.6681818181818,24.238636363636363,5.488636363636363,3.467727272727274,4.1,9.5,8.4,2.6,4.9,4.0,2.1,1.0,2.6,1.5
1999-12-31,1.011904347826087,1.6140869565217393,102.63739130434784,1.582682608695652,101.75782608695651,26.075652173913046,1429.9191304347826,11253.293913043479,3750.117826086957,1000.0,5611.668260869565,6393.171739130434,284.3717391304348,25.231739130434786,5.5,3.442608695652175,4.0,9.5,9.4,2.8,5.3,4.5,1.9,1.1,2.7,1.7
2000-01-31,1.0136095238095237,1.6402190476190472,105.30000000000001,1.589019047619048,101.71285714285716,27.031904761904766,1426.992857142857,11299.392857142857,4019.080476190477,952.37,5661.530952380953,6915.297142857143,285.012380952381,25.24571428571429,5.5,3.3423809523809522,4.0,9.4,8.6,1.0,4.8,3.0,2.0,1.1,2.7,1.9
2000-02-29,0.9842476190476193,1.6015190476190477,109.49809523809522,1.632990476190476,104.43333333333332,29.31285714285714,1387.1261904761902,10526.584285714285,4409.501904761905,995.6580952380954,6121.947142857143,7524.3476190476185,300.2466666666666,27.02809523809524,5.738095238095238,3.537619047619048,4.1,9.3,9.0,3.7,4.6,5.6,2.2,1.0,3.2,1.9
2000-03-31,0.9646739130434784,1.5815565217391303,106.34913043478262,1.6629739130434784,105.54347826086956,29.894347826086953,1442.213043478261,10481.628695652176,4802.988260869565,1029.1052173913042,6374.750434782608,7812.148260869567,286.23434782608695,27.272608695652167,5.989130434782608,3.747391304347826,4.0,9.2,9.8,0.4,4.8,5.2,2.4,0.9,3.8,1.9
2000-04-30,0.9452400000000001,1.5812700000000002,105.67249999999999,1.66464,106.79550000000002,25.562000000000005,1459.7805000000003,10939.3055,3844.5795000000007,1014.1805,6237.227499999999,7347.127999999999,280.13800000000003,23.2145,6.0,3.929500000000001,3.8,9.1,7.4,3.7,5.3,5.2,2.3,1.0,3.1,1.7
2000-05-31,0.9083304347826089,1.5090304347826085,108.19608695652175,1.714882608695652,110.72652173913042,28.880434782608695,1418.6521739130435,10568.053043478258,3525.419565217391,1043.7013043478262,6352.641304347826,7197.0086956521745,274.9904347826087,27.417826086956524,6.478260869565218,4.349130434782609,4.0,9.0,6.5,4.4,4.7,7.1,2.4,0.9,3.2,1.7
2000-06-30,0.9498863636363638,1.5106363636363638,106.1531818181818,1.6427727272727273,107.1059090909091,31.529999999999998,1461.959090909091,10582.933636363636,3865.4768181818176,1074.0363636363638,6541.555909090909,7184.130454545453,286.16499999999996,29.76090909090909,6.5,4.499090909090909,4.0,9.0,7.0,3.2,5.0,4.0,2.5,1.0,3.7,2.1
2000-07-31,0.9395952380952379,1.5086238095238098,108.02190476190476,1.6505571428571426,108.27761904761904,29.80714285714285,1471.727619047619,10658.078571428572,4010.323809523809,1077.392857142857,6513.132380952381,7192.507619047617,281.6561904761905,28.666190476190472,6.5,4.58,4.0,8.9,5.9,2.3,4.2,4.0,2.5,0.9,3.7,2.0
2000-08-31,0.9043217391304346,1.4890478260869566,108.05826086956522,1.7148130434782611,111.16695652173912,31.137826086956526,1485.4582608695653,11014.512173913045,3909.5969565217397,1098.3695652173913,6562.110869565218,7221.729130434782,274.6760869565218,30.411304347826093,6.5,4.774347826086957,4.1,8.9,4.9,0.2,3.4,8.5,2.6,0.9,3.4,2.0
2000-09-30,0.8709190476190477,1.4345714285714288,106.81190476190477,1.7564285714285712,114.22666666666666,33.8652380952381,1469.912380952381,10980.768095238096,3888.5533333333346,1095.611904761905,6553.358095238096,7027.639523809525,273.69571428571425,32.33047619047619,6.5,4.850476190476191,3.9,8.8,6.2,4.0,4.3,4.2,2.6,1.0,3.5,2.5
2000-10-31,0.8536136363636366,1.451177272727273,108.40409090909093,1.7728454545454546,116.05136363636365,32.93227272727274,1390.144090909091,10440.964090909092,3333.8245454545454,1040.4468181818181,6189.454999999999,6725.837727272727,270.1227272727273,31.385909090909095,6.5,5.039090909090909,3.9,8.7,5.8,2.5,2.6,3.2,2.5,1.1,3.4,2.4
2000-11-30,0.8555227272727272,1.4254727272727272,108.94772727272726,1.777636363636364,116.47590909090906,34.36454545454546,1373.5245454545454,10653.939090909093,3048.5499999999997,1047.5445454545456,6190.3277272727255,6814.955454545454,266.0795454545455,32.38227272727272,6.5,5.09090909090909,3.9,8.7,4.2,3.1,2.1,4.1,2.6,1.1,3.4,2.5
2000-12-31,0.9018238095238095,1.4663666666666668,112.20428571428569,1.6780238095238094,112.62666666666667,28.314761904761905,1330.1809523809525,10651.61,2649.9842857142853,997.3580952380954,5906.235238095237,6463.589523809524,272.0595238095238,25.68428571428572,6.5,4.929999999999999,3.9,8.6,2.2,3.4,1.1,6.5,2.6,1.6,3.4,2.5
2001-01-31,0.9384347826086956,1.4777304347826083,116.74565217391304,1.628913043478261,110.09,29.21521739130434,1332.9613043478262,10680.425652173915,2639.328695652174,983.817391304348,5822.347826086954,6548.871739130434,265.9239130434783,25.688695652173916,5.586956521739131,4.770434782608696,4.2,8.5,4.0,4.3,0.4,4.5,2.6,1.3,3.7,2.0
2001-02-28,0.921085,1.45261,116.21949999999997,1.6680899999999999,111.80550000000001,29.591499999999996,1304.4109999999998,10775.8365,2443.0085000000004,959.6650000000002,5634.290499999999,6462.6675000000005,262.255,27.634500000000003,5.5,4.7555000000000005,4.2,8.4,2.5,3.1,-0.5,3.9,2.7,1.2,3.5,1.9
2001-03-31,0.9088772727272729,1.444268181818182,121.46136363636366,1.690259090909091,113.93181818181819,27.27136363636363,1185.8500000000001,10081.319545454548,1986.6631818181816,887.3759090909093,5200.623181818183,5917.008636363637,263.0863636363636,25.448636363636364,5.0227272727272725,4.705,4.3,8.4,0.5,3.5,-1.1,3.3,2.7,1.5,2.9,2.2
2001-04-30,0.8933857142857142,1.4358333333333333,123.6704761904762,1.7113809523809524,115.52857142857142,27.67666666666667,1189.3538095238098,10229.393333333333,1932.7680952380952,903.0361904761905,5343.691428571428,5960.407619047621,261.0357142857142,26.44380952380952,4.523809523809524,4.685238095238096,4.4,8.4,3.6,2.7,-2.1,0.9,2.6,1.8,3.3,2.7
2001-05-31,0.8748565217391303,1.4271304347826086,121.70391304347827,1.752908695652174,116.81086956521737,28.683043478260867,1270.2626086956523,11004.974347826088,2180.885652173913,938.178260869565,5555.948695652174,6158.287391304347,272.4347826086956,28.52608695652174,4.021739130434782,4.642173913043479,4.3,8.4,3.7,2.1,-2.9,0.3,2.5,2.0,3.6,3.1
2001-06-30,0.8537238095238096,1.4025666666666665,122.40142857142858,1.7840142857142856,118.95000000000002,27.584761904761905,1238.712380952381,10768.449999999999,2112.0861904761905,903.8438095238095,5288.077619047619,6025.635238095238,271.0476190476191,27.864761904761902,3.761904761904762,4.450000000000001,4.5,8.4,2.5,3.4,-3.6,1.6,2.7,2.0,3.2,2.8
2001-07-31,0.8616181818181818,1.415309090909091,124.47636363636367,1.7565772727272728,118.44772727272722,26.492272727272724,1205.1213636363636,10450.255454545455,2036.0754545454545,860.9336363636364,4993.263636363636,5840.61409090909,267.75454545454545,25.21772727272727,3.75,4.467272727272728,4.6,8.4,2.5,2.2,-4.0,-1.2,2.7,1.9,2.7,2.6
2001-08-31,0.9024130434782609,1.4378608695652173,121.32043478260871,1.6793608695652171,114.38999999999999,27.309130434782606,1178.505652173913,10314.682608695652,1929.712608695652,840.3517391304347,4898.345652173913,5438.160434782609,273.13913043478266,25.772173913043478,3.510869565217391,4.352608695652174,4.9,8.4,3.1,3.3,-3.9,0.6,2.7,1.8,2.7,2.3
2001-09-30,0.9124649999999999,1.46491,118.67999999999995,1.6339650000000006,113.27899999999997,26.372499999999995,1050.5725,9200.509999999998,1590.2224999999996,714.7339999999998,4122.4075,4372.372,283.59000000000003,26.1305,3.05,3.9815000000000014,5.0,8.4,-0.5,2.3,-4.6,-0.8,2.6,2.0,2.6,2.2
2001-10-31,0.9061608695652174,1.4519739130434781,121.34826086956521,1.6335043478260867,114.21000000000002,22.21260869565217,1076.2217391304348,9220.750869565216,1656.4282608695655,735.6930434782608,4279.303913043477,4577.537391304349,282.9230434782608,21.473478260869566,2.5217391304347827,3.598260869565217,5.3,8.4,6.4,0.8,-4.8,-2.1,2.6,2.2,2.1,2.2
2001-11-30,0.8880272727272728,1.4357727272727272,122.38545454545452,1.6504409090909093,116.0077272727273,19.579090909090908,1130.6222727272727,9726.949545454545,1871.5686363636369,778.4422727272727,4515.826363636364,4949.808636363636,276.0354545454545,19.20727272727273,2.022727272727273,3.3854545454545457,5.5,8.5,4.0,1.9,-5.3,-3.9,2.8,2.3,1.9,2.0
2001-12-31,0.8916428571428571,1.4426047619047617,127.72142857142856,1.6562333333333334,116.28714285714288,19.581428571428567,1145.1414285714286,9982.519523809522,1976.9004761904764,781.7909523809524,4533.447142857144,5085.07761904762,276.56095238095236,19.007619047619045,1.7619047619047619,3.342857142857144,5.7,8.5,2.9,2.1,-5.0,-4.3,2.7,2.3,1.6,2.0
2002-01-31,0.8832782608695651,1.4332652173913047,132.7608695652174,1.6697739130434783,117.71652173913041,19.724347826086955,1139.9278260869567,9921.443478260868,1972.7791304347825,783.0791304347824,4516.878695652174,5152.012173913044,281.83826086956526,19.924347826086954,1.75,3.3365217391304345,5.7,8.5,1.7,-0.7,-3.8,-2.8,2.6,2.4,1.1,2.6
2002-02-28,0.8705700000000001,1.4233800000000003,133.5035,1.697135,118.96650000000002,20.762000000000004,1099.8025,9891.646499999999,1797.2635000000002,758.5840000000001,4339.136,4894.536,296.20750000000004,20.317500000000003,1.75,3.3555000000000006,5.7,8.5,2.2,1.2,-3.2,-3.2,2.6,2.5,1.1,2.5
2002-03-31,0.8767761904761904,1.423490476190476,131.1495238095238,1.6732333333333334,117.96904761904761,24.55809523809524,1153.4457142857143,10496.330952380955,1863.0252380952381,802.3814285714285,4599.071904761904,5322.811904761904,294.8928571428571,24.230000000000004,1.75,3.3923809523809534,5.7,8.5,2.8,1.2,-2.1,-2.0,2.4,2.6,1.5,2.5
2002-04-30,0.886659090909091,1.443468181818182,130.79181818181817,1.6529318181818184,116.88272727272725,26.258181818181814,1112.0345454545452,10165.182727272726,1758.802272727273,796.1145454545457,4527.925454545456,5204.72,303.35909090909087,25.994090909090904,1.75,3.407272727272727,5.9,8.5,2.9,0.8,-1.5,-0.6,2.5,2.4,1.6,2.3
2002-05-31,0.9178347826086956,1.4602565217391301,126.31782608695654,1.586786956521739,113.37217391304345,26.879999999999992,1079.0621739130436,10081.517826086956,1659.9569565217391,767.4360869565216,4372.203043478262,4940.715652173914,314.9260869565218,25.678695652173914,1.75,3.4617391304347827,5.8,8.6,1.2,1.6,-0.4,-1.2,2.5,2.6,1.2,2.0
2002-06-30,0.9569750000000001,1.4855049999999999,123.232,1.5385149999999999,109.65050000000001,25.545999999999996,1014.0474999999999,9492.436,1505.4875000000002,694.465,3936.0560000000005,4427.9175000000005,321.275,24.533499999999997,1.75,3.4615,5.8,8.6,2.5,0.3,1.1,-0.9,2.3,2.5,1.1,1.9
2002-07-31,0.9927826086956522,1.5576,118.01304347826085,1.4726521739130436,105.95739130434785,26.864347826086952,907.3052173913042,8635.585652173912,1350.5321739130432,613.8704347826088,3464.2895652173916,4002.092173913044,313.40869565217395,25.680869565217396,1.75,3.4069565217391298,5.8,8.7,3.9,1.5,1.5,0.6,2.2,2.4,1.5,2.0
2002-08-31,0.9778727272727273,1.5372727272727273,119.03272727272729,1.4970727272727273,107.39,28.200000000000003,912.5531818181819,8685.480454545454,1327.3604545454546,594.8495454545454,3380.906818181819,3687.165909090909,310.57727272727277,26.41045454545455,1.75,3.3499999999999996,5.7,8.7,4.0,1.7,1.7,-1.1,2.4,2.4,1.8,2.1
2002-09-30,0.9810999999999999,1.5563142857142858,120.85,1.4927809523809525,107.27380952380952,29.580476190476187,868.2980952380951,8175.10761904762,1251.6771428571428,542.9480952380952,3063.5380952380947,3230.058571428571,319.52142857142854,28.29047619047619,1.75,3.31,5.7,8.8,4.5,1.6,2.2,0.0,2.2,2.4,1.5,2.1
2002-10-31,0.98154347826087,1.5574956521739127,123.94000000000001,1.4924913043478258,107.53043478260871,28.86304347826087,854.6313043478261,8048.121739130434,1241.9117391304346,527.8730434782609,2967.0804347826083,2967.3091304347827,316.51956521739135,27.358260869565207,1.75,3.2600000000000002,5.7,8.8,-1.7,2.7,2.3,0.9,2.2,2.3,2.0,2.3
2002-11-30,1.0020857142857142,1.5718809523809523,121.50619047619048,1.4647190476190477,105.67523809523809,26.28952380952381,911.1838095238096,8640.29380952381,1412.4671428571426,564.1457142857141,3192.328095238095,3226.876666666667,319.2833333333333,24.264285714285716,1.2738095238095237,3.1199999999999997,5.9,8.9,1.6,0.2,3.4,2.3,2.0,2.3,2.2,2.3
2002-12-31,1.0216181818181818,1.5885636363636364,121.7559090909091,1.4347,104.18318181818182,29.534090909090914,898.7454545454544,8523.089090909089,1386.278636363636,550.3554545454546,3115.8077272727273,3079.2886363636358,335.46590909090907,27.786363636363628,1.25,2.936363636363636,6.0,8.9,3.6,-0.6,2.8,-0.1,1.9,2.2,2.4,2.3
2003-01-31,1.062886956521739,1.6182478260869566,118.77521739130434,1.3753695652173914,100.86173913043477,32.74565217391304,896.0530434782611,8473.681304347827,1388.2543478260868,536.5978260869565,3047.045217391304,2929.673913043479,357.6360869565218,30.323478260869567,1.25,2.83,5.8,9.0,4.1,2.3,2.9,1.6,1.9,1.9,2.6,2.1
2003-02-28,1.0778050000000001,1.60773,119.4185,1.36107,99.88499999999999,35.79450000000001,838.2965,7915.8145,1314.9255,490.79299999999995,2811.0775000000003,2611.2235,357.6115000000001,32.1775,1.25,2.6844999999999994,5.9,9.0,2.1,1.3,3.2,1.7,1.7,1.9,3.0,2.4
2003-03-31,1.0797095238095238,1.5834190476190482,118.7538095238095,1.3616333333333333,99.75095238095238,33.156190476190474,846.6214285714287,7977.734761904763,1348.5038095238092,469.33761904761906,2692.4857142857136,2491.051904761905,340.07380952380953,29.56047619047619,1.25,2.528571428571429,5.9,9.0,4.3,0.2,2.1,0.1,1.7,1.9,3.0,2.5
2003-04-30,1.087659090909091,1.5751863636363637,119.81818181818184,1.3768590909090908,99.40272727272726,28.26,890.1159090909091,8332.33909090909,1410.4918181818184,502.83454545454555,2876.366818181818,2806.032272727273,329.29090909090905,24.84545454545454,1.25,2.531818181818181,6.0,9.0,2.4,1.3,1.0,0.7,1.5,2.0,2.2,2.1
2003-05-31,1.1580318181818179,1.6231181818181823,117.40954545454547,1.3095136363636366,94.3559090909091,28.12863636363636,936.6681818181819,8622.413181818181,1525.6604545454545,511.1736363636365,2950.1677272727275,2925.805,356.6181818181818,25.453181818181815,1.25,2.4045454545454543,6.1,9.0,4.0,0.2,0.5,-1.6,1.6,1.8,2.1,1.8
2003-06-30,1.1669857142857143,1.6608523809523812,118.31904761904764,1.319519047619048,93.54142857142858,30.519523809523808,987.9952380952382,9098.072857142859,1631.7509523809522,535.6495238095238,3112.999523809524,3179.5371428571434,356.4861904761905,27.288571428571426,1.0119047619047619,2.1495238095238096,6.3,9.1,4.3,1.0,-0.3,-1.7,1.5,1.8,2.1,1.9
2003-07-31,1.137313043478261,1.6241739130434782,118.65260869565216,1.3598391304347826,95.6369565217391,30.67739130434782,993.0534782608695,9150.734347826086,1717.0191304347827,540.6791304347827,3130.062173913044,3336.310434782609,351.3652173913043,28.364347826086956,1.0,2.1282608695652163,6.2,9.1,4.3,0.2,0.4,0.6,1.5,1.6,2.1,1.9
2003-08-31,1.1153714285714287,1.594295238095238,118.62238095238096,1.3812904761904763,97.22809523809521,31.59714285714286,989.5319047619047,9284.778571428571,1724.8228571428572,561.1838095238095,3240.8061904761903,3446.7890476190487,360.7380952380952,29.416190476190476,1.0,2.1366666666666663,6.1,9.1,5.2,0.1,0.2,-1.4,1.3,1.7,2.2,2.1
2003-09-30,1.1257363636363638,1.6137818181818178,114.96363636363638,1.3743772727272725,95.8190909090909,28.361363636363638,1019.5577272727273,9489.05,1855.5545454545454,577.7381818181818,3328.3768181818186,3506.7609090909086,379.2068181818182,26.80727272727273,1.0,2.1459090909090914,6.1,9.1,6.1,-0.1,0.7,-1.5,1.2,1.8,2.3,2.2
2003-10-31,1.1701217391304344,1.6779260869565218,109.50869565217393,1.3234217391304346,92.07608695652172,30.345217391304345,1038.7343478260868,9682.458695652173,1907.891304347826,572.6643478260869,3314.3121739130434,3498.7400000000002,378.6521739130435,28.97086956521739,1.0,2.1421739130434783,6.0,9.1,5.2,1.1,1.1,1.2,1.3,1.8,2.0,2.0
2003-11-30,1.17159,1.690325,109.17350000000002,1.3312199999999998,91.874,30.94550000000001,1050.3155000000002,9763.069000000003,1940.3035,588.2995,3403.6915,3722.7705,390.4415,28.806500000000007,1.0,2.1569999999999996,5.8,9.1,5.9,-0.6,1.4,0.5,1.1,1.7,1.8,2.2
2003-12-31,1.2315043478260868,1.7536782608695654,107.71086956521741,1.2625608695652175,88.36869565217391,32.16478260869565,1081.2995652173913,10132.508260869568,1957.6869565217391,598.0030434782609,3491.485217391303,3884.7126086956528,409.0252173913044,29.59130434782609,1.0,2.1443478260869564,5.7,9.1,4.6,0.3,1.9,2.0,1.1,1.6,1.9,2.0
2004-01-31,1.2601772727272724,1.8209045454545458,106.44999999999999,1.2422954545454543,86.45636363636362,34.27409090909091,1131.709090909091,10538.880454545455,2096.124545454546,622.5659090909093,3635.114545454546,4074.8086363636376,413.96909090909105,30.632272727272724,1.0,2.088636363636364,5.7,9.2,4.7,2.0,1.5,0.5,1.1,1.7,2.0,1.9
2004-02-29,1.263715,1.8685250000000004,106.67850000000001,1.24528,86.34750000000001,34.534499999999994,1144.0379999999998,10602.816499999999,2049.9595,631.8135,3681.371,4064.2934999999998,404.03650000000005,30.343500000000006,1.0,2.067999999999999,5.6,9.2,7.0,0.8,1.8,1.1,1.2,1.8,1.7,1.6
2004-03-31,1.226704347826087,1.8281086956521744,108.51130434782608,1.2767608695652175,88.45782608695653,36.71826086956522,1123.9795652173912,10323.728260869568,1979.4786956521737,626.3352173913045,3655.5026086956514,3921.3834782608697,407.4721739130436,32.73173913043478,1.0,2.0278260869565226,5.8,9.3,6.9,1.7,1.5,1.4,1.6,1.8,1.7,1.7
2004-04-30,1.2000590909090911,1.8054227272727275,107.59500000000001,1.2953181818181818,89.7959090909091,36.672272727272734,1133.6295454545452,10419.478181818182,2023.3299999999997,640.0504545454545,3747.845909090909,4039.9581818181828,404.53863636363644,33.04409090909092,1.0,2.046818181818182,5.6,9.3,6.1,2.2,2.7,2.0,1.8,1.8,2.3,2.0
2004-05-31,1.201657142857143,1.7895238095238095,112.04857142857142,1.2813285714285716,90.4752380952381,40.264761904761905,1103.6585714285713,10088.788571428575,1932.9785714285713,618.3680952380953,3631.825714285714,3869.1542857142867,384.53000000000003,37.120000000000005,1.0,2.0847619047619057,5.6,9.3,7.6,0.5,3.5,3.9,1.7,1.8,3.1,2.5
2004-06-30,1.2148999999999999,1.8294954545454543,109.41409090909092,1.2498409090909095,89.155,37.920909090909085,1132.4177272727275,10366.955454545456,1999.5709090909097,631.2868181818183,3709.255,3986.439545454546,391.89818181818185,35.51090909090909,1.2386363636363635,2.111363636363636,5.6,9.2,5.1,2.1,2.5,3.6,1.9,1.9,3.3,2.4
2004-07-31,1.2265727272727274,1.843127272727273,109.47272727272728,1.2454363636363637,88.33636363636363,40.754999999999995,1106.317727272727,10158.030454545455,1914.742727272727,619.9263636363638,3630.411818181818,3883.5586363636367,398.140909090909,37.66727272727272,1.25,2.116363636363636,5.5,9.2,5.2,1.8,2.8,2.8,1.8,1.9,2.9,2.3
2004-08-31,1.219159090909091,1.8197818181818184,110.25545454545454,1.2623409090909092,88.8759090909091,44.88363636363636,1088.935,10032.801363636365,1821.5381818181816,609.078181818182,3568.6045454545456,3760.090909090909,401.64090909090913,41.66045454545455,1.4886363636363635,2.1113636363636363,5.4,9.2,3.6,1.1,3.1,2.7,1.7,1.9,2.7,2.3
2004-09-30,1.2227545454545454,1.793263636363636,110.09181818181818,1.2621363636363634,88.65545454545453,45.81818181818182,1117.8218181818183,10207.194545454544,1883.5413636363635,628.9822727272729,3678.6295454545457,3909.4331818181818,406.1045454545454,42.855909090909094,1.7386363636363635,2.1186363636363628,5.4,9.3,6.1,1.2,2.6,3.8,2.0,1.9,2.5,2.1
2004-10-31,1.2507190476190477,1.8073428571428576,108.82142857142857,1.2334238095238093,86.87809523809523,53.09380952380951,1118.0685714285717,10001.602380952381,1938.2523809523807,633.8085714285714,3699.0133333333333,3963.5642857142852,421.0161904761905,49.37619047619047,1.75,2.1490476190476184,5.5,9.2,7.2,0.1,3.4,2.0,2.0,1.9,3.2,2.4
2004-11-30,1.3005227272727267,1.8613727272727274,104.68318181818182,1.1698545454545455,83.59818181818183,48.592272727272736,1169.56,10416.690454545453,2064.6472727272726,648.4045454545454,3789.7599999999993,4108.663181818182,439.92545454545467,44.565909090909095,1.9886363636363635,2.1686363636363644,5.4,9.3,6.3,2.2,2.8,1.0,2.2,1.9,3.5,2.2
2004-12-31,1.3415434782608695,1.9301347826086954,103.79130434782608,1.145708695652174,81.56913043478261,43.12260869565217,1199.4586956521737,10680.068260869564,2149.7356521739134,653.3217391304349,3796.4256521739135,4220.480869565217,442.5695652173913,40.09521739130435,2.239130434782609,2.1708695652173917,5.4,9.2,8.0,2.3,3.6,0.9,2.2,1.9,3.3,2.4
2005-01-31,1.3111095238095236,1.8784714285714283,103.26619047619049,1.180004761904762,83.11190476190475,46.924285714285716,1182.1019047619047,10540.393333333333,2073.4985714285713,665.282380952381,3861.6057142857144,4246.4400000000005,424.28380952380957,44.191904761904766,2.25,2.142380952380953,5.3,9.2,6.5,1.9,3.8,1.3,2.3,1.6,3.0,1.9
2005-02-28,1.30186,1.8881300000000008,104.9775,1.190995,83.72350000000002,48.20799999999999,1198.8534999999997,10726.886000000002,2063.9649999999997,690.8520000000001,3991.245,4344.744000000001,424.3475,45.86450000000001,2.4875,2.1355000000000004,5.4,9.2,6.9,1.5,3.9,0.5,2.4,1.5,3.0,2.1
2005-03-31,1.3179391304347825,1.9036739130434785,105.34608695652177,1.1762391304347823,82.89347826086956,54.60434782608696,1194.0013043478261,10671.692173913045,2028.7852173913038,698.0678260869564,4061.515652173912,4356.9221739130435,433.7334782608697,53.22260869565217,2.739130434782609,2.134347826086956,5.2,9.2,4.9,2.0,4.3,0.7,2.3,1.6,3.1,2.1
2005-04-30,1.2943380952380952,1.896614285714286,107.19428571428571,1.1951952380952382,84.26714285714286,53.21761904761905,1164.4233333333332,10283.18619047619,1957.4928571428575,690.0671428571428,4027.657619047618,4293.8076190476195,429.6542857142857,53.30714285714285,2.75,2.136666666666667,5.2,9.2,7.7,0.1,3.9,1.4,2.2,1.4,3.5,2.1
2005-05-31,1.268640909090909,1.8542818181818184,106.7168181818182,1.2181727272727274,85.68590909090909,49.96636363636364,1178.876818181818,10384.69590909091,2008.3068181818185,689.085,4049.388181818182,4329.549090909091,422.5,49.69590909090909,2.9886363636363638,2.125909090909092,5.1,9.2,4.9,1.1,3.3,0.1,2.2,1.6,2.8,2.0
2005-06-30,1.2157000000000002,1.8182636363636362,108.74363636363637,1.2663772727272729,88.44227272727272,56.3859090909091,1202.2554545454543,10486.682272727274,2074.0172727272725,715.615909090909,4193.214545454545,4569.21,431.19090909090903,55.41636363636365,3.2386363636363638,2.1113636363636363,5.0,9.2,9.2,1.7,4.6,0.9,2.0,1.4,2.5,2.1
2005-07-31,1.204833333333333,1.7518857142857143,111.9490476190476,1.2936380952380955,89.69666666666664,59.052857142857135,1221.4157142857143,10533.855238095237,2141.977619047619,742.734761904762,4359.465714285715,4726.579047619048,424.5528571428572,57.94666666666667,3.25,2.121904761904762,5.0,9.1,8.8,2.3,3.4,0.9,2.1,1.3,3.2,2.2
2005-08-31,1.2301173913043477,1.794878260869565,110.61347826086957,1.2624608695652173,87.94086956521738,64.99347826086957,1224.2699999999998,10554.271739130436,2157.848260869566,754.2952173913044,4445.039999999999,4886.2991304347825,438.06652173913056,63.896956521739135,3.489130434782609,2.130434782608696,4.9,9.0,7.5,4.2,3.6,2.3,2.1,1.3,3.6,2.2
2005-09-30,1.2246,1.8077454545454545,111.19454545454549,1.2658409090909093,88.00318181818182,65.57136363636363,1226.2545454545455,10528.672727272728,2145.6231818181823,763.2895454545455,4495.600454545455,4946.141818181818,456.82727272727266,63.79954545454546,3.7386363636363638,2.139090909090909,5.0,9.0,5.9,2.2,1.6,1.8,2.0,1.3,4.7,2.6
2005-10-31,1.202952380952381,1.7650428571428571,114.87333333333336,1.2873190476190475,89.72190476190475,62.268571428571434,1191.9642857142858,10324.313333333334,2087.092857142857,759.282380952381,4471.4114285714295,4951.816666666667,469.91380952380956,59.49952380952381,3.988095238095238,2.1957142857142857,5.0,9.0,5.4,1.9,1.9,1.1,2.1,1.4,4.3,2.5
2005-11-30,1.1796318181818182,1.7354409090909089,118.46090909090908,1.310072727272727,91.49772727272727,58.25363636363635,1238.7722727272726,10705.287727272727,2205.5709090909095,774.8859090909092,4533.925454545453,5092.508181818182,477.7513636363636,56.225,4.0,2.3622727272727273,5.0,8.9,5.9,0.5,2.7,3.6,2.1,1.4,3.5,2.3
2005-12-31,1.1859227272727273,1.7457045454545452,118.40909090909095,1.3056999999999999,90.91772727272729,59.3890909090909,1261.8204545454546,10830.316363636362,2245.2145454545453,807.305909090909,4703.702272727272,5347.755454545454,509.64909090909083,57.573181818181816,4.238636363636363,2.4736363636363645,4.9,8.9,4.7,0.7,2.6,3.1,2.2,1.3,3.4,2.2
2006-01-31,1.2119636363636361,1.7665818181818187,115.54409090909093,1.2783454545454542,89.13454545454546,65.46363636363635,1278.463181818182,10869.409545454544,2288.466363636364,830.831818181818,4839.683636363636,5493.997727272727,550.1786363636363,63.606363636363646,4.4772727272727275,2.5140909090909087,4.7,8.8,8.6,1.5,2.3,2.8,2.1,1.2,4.0,2.4
2006-02-28,1.19422,1.7480799999999999,117.8955,1.30538,90.357,61.88450000000002,1276.9645,10978.393000000002,2273.1310000000003,857.3709999999999,4976.556500000001,5762.512499999999,555.6275,61.14199999999998,4.5,2.601,4.8,8.8,6.5,2.1,1.6,3.3,2.1,1.2,3.6,2.3
2006-03-31,1.2032521739130433,1.7444695652173912,117.34652173913041,1.304513043478261,89.96695652173914,62.96608695652175,1293.7400000000002,11144.450000000003,2300.2556521739134,879.8421739130434,5111.91391304348,5861.706086956521,558.2969565217389,63.028695652173916,4.739130434782608,2.7230434782608697,4.7,8.7,7.2,1.3,2.0,4.1,2.1,1.3,3.4,2.2
2006-04-30,1.228335,1.7691699999999997,116.982,1.2819850000000002,88.46949999999998,70.173,1301.341,11229.823999999999,2337.3014999999996,894.124,5179.3144999999995,5999.2635,611.8579999999998,70.49449999999999,4.75,2.7905000000000006,4.7,8.6,5.8,2.4,2.3,2.6,2.3,1.5,3.5,2.5
2006-05-31,1.2769217391304348,1.86915652173913,111.84434782608696,1.218826086956522,84.86652173913043,71.0073913043478,1288.688695652174,11331.475217391304,2241.7799999999997,868.8595652173914,5080.513478260869,5854.736521739131,673.0226086956521,70.95608695652172,4.989130434782608,2.888260869565218,4.6,8.5,6.5,2.7,1.9,6.2,2.4,1.4,4.2,2.5
2006-06-30,1.266381818181818,1.8431545454545457,114.69727272727273,1.2319818181818183,85.76590909090909,70.96954545454545,1253.1213636363636,10997.965454545452,2137.4136363636367,818.8327272727271,4789.185454545455,5495.312272727272,596.3318181818181,69.77863636363638,5.238636363636363,2.9872727272727273,4.6,8.3,4.0,2.5,1.9,5.1,2.6,1.4,4.3,2.5
2006-07-31,1.269295238095238,1.8448476190476186,115.71333333333335,1.2361857142857142,85.86095238095238,74.53238095238096,1260.7476190476193,11041.83523809524,2089.404285714286,841.0757142857143,4910.610000000001,5594.173333333333,633.6771428571428,74.26047619047618,5.25,3.1028571428571428,4.7,8.3,3.6,2.6,2.2,4.0,2.7,1.5,4.1,2.4
2006-08-31,1.2807826086956522,1.8932608695652176,115.98173913043478,1.2321086956521738,85.04521739130433,73.08347826086957,1287.1513043478262,11257.353913043476,2117.7708695652177,872.7369565217392,5073.341739130434,5750.306956521739,630.6391304347827,73.90173913043478,5.25,3.2278260869565223,4.7,8.2,5.1,2.8,2.3,6.4,2.8,1.4,3.8,2.3
2006-09-30,1.2730809523809523,1.8858476190476199,117.1938095238095,1.244247619047619,85.56238095238096,64.11904761904763,1317.5885714285714,11530.291904761905,2221.165714285714,889.3585714285717,5157.848571428572,5901.002380952383,598.5947619047618,63.6395238095238,5.25,3.336190476190476,4.5,8.2,4.3,2.1,4.1,4.4,2.9,1.5,2.1,1.7
2006-10-31,1.2621772727272729,1.8765136363636363,118.62590909090909,1.259759090909091,86.34272727272726,59.13681818181818,1363.3845454545453,11963.115454545456,2330.1745454545453,921.4890909090908,5338.785,6161.296363636363,586.9931818181818,59.83863636363637,5.25,3.5036363636363643,4.4,8.1,4.1,2.1,2.7,3.9,2.7,1.5,1.3,1.6
2006-11-30,1.289195454545455,1.9124090909090912,117.30772727272725,1.2351954545454544,84.84954545454546,59.48636363636364,1389.1918181818185,12191.59954545455,2411.043636363637,936.4,5414.505000000001,6368.680909090909,628.2045454545455,59.86136363636364,5.25,3.597727272727272,4.5,8.1,3.5,2.5,1.6,3.2,2.6,1.5,2.0,1.9
2006-12-31,1.3199142857142856,1.9629333333333332,117.45714285714283,1.2106190476190473,83.37857142857143,62.03952380952379,1416.442857142857,12375.980476190476,2431.0319047619046,947.275238095238,5456.867619047618,6503.664285714286,628.511904761905,62.28619047619048,5.25,3.6871428571428573,4.4,7.9,4.9,2.6,2.1,5.2,2.6,1.6,2.5,1.9
2007-01-31,1.2998869565217392,1.9588652173913044,120.39869565217391,1.2425434782608693,84.73695652173912,54.79913043478261,1423.8400000000001,12510.443478260868,2452.514782608695,971.3965217391304,5588.322173913042,6692.043043478262,631.2869565217392,54.83347826086957,5.25,3.751304347826087,4.6,7.9,1.6,1.8,1.5,4.0,2.7,1.7,2.1,1.8
2007-02-28,1.3087900000000003,1.9585300000000003,120.439,1.2384700000000002,84.3885,59.322,1445.539,12638.282000000003,2481.523,989.308,5684.217,6913.125,665.2465000000001,58.803999999999995,5.25,3.8179999999999987,4.5,7.8,2.7,2.3,2.5,4.6,2.7,1.9,2.4,1.8
2007-03-31,1.324940909090909,1.947763636363636,117.31318181818182,1.21775,83.48409090909091,60.74045454545455,1406.9522727272729,12268.533636363636,2401.4909090909086,964.0099999999999,5495.4059090909095,6705.958636363636,654.4568181818181,62.45499999999999,5.25,3.8936363636363636,4.4,7.7,3.2,3.3,2.5,4.6,2.5,1.9,2.8,1.9
2007-04-30,1.3513142857142861,1.9878000000000005,118.99904761904764,1.2127761904761905,82.19000000000001,63.91571428571429,1462.7409523809522,12745.537142857142,2498.120952380952,1022.3385714285714,5825.561904761905,7230.56857142857,679.7538095238095,67.6214285714286,5.25,3.9742857142857146,4.5,7.5,2.4,2.5,2.8,3.1,2.3,1.9,2.6,1.9
2007-05-31,1.3508739130434781,1.983373913043478,120.84956521739129,1.2219521739130434,82.1195652173913,63.51434782608696,1511.4399999999998,13412.083478260874,2562.572173913043,1052.879565217391,6051.130000000001,7585.1460869565235,667.5630434782609,67.8604347826087,5.25,4.07,4.4,7.5,4.1,0.9,2.9,3.7,2.2,1.9,2.7,1.9
2007-06-30,1.3424190476190474,1.9873714285714281,122.66285714285716,1.2328285714285714,82.46714285714285,67.52952380952381,1514.4895238095237,13480.212380952382,2595.3961904761904,1056.1142857142856,6014.92619047619,7874.479047619047,655.4519047619048,70.53857142857143,5.25,4.147619047619047,4.6,7.5,2.8,1.8,2.6,3.4,2.2,1.9,2.7,1.9
2007-07-31,1.3721045454545455,2.034431818181819,121.46363636363635,1.2072409090909093,80.80909090909091,74.04409090909091,1520.9181818181817,13673.322272727271,2655.0527272727268,1054.38,5973.486363636364,7888.851363636364,665.5749999999999,75.81772727272727,5.25,4.217727272727273,4.7,7.5,2.9,2.0,2.6,4.0,2.2,1.9,2.4,1.8
2007-08-31,1.3618913043478258,2.0109956521739134,116.79043478260868,1.2035913043478264,80.93478260869566,72.3586956521739,1454.616956521739,13239.712173913042,2539.467826086957,981.7739130434783,5534.743913043479,7463.643478260869,665.891304347826,71.24347826086958,5.25,4.549999999999999,4.6,7.5,2.9,2.2,2.4,4.8,2.1,1.9,2.0,1.7
2007-09-30,1.391875,2.019725,115.11300000000001,1.184785,79.37949999999998,79.39899999999999,1496.7315,13547.689000000002,2634.2585,997.155,5597.1695,7638.450000000002,713.62,76.96300000000001,4.8,4.743000000000001,4.7,7.4,4.1,1.9,2.9,3.7,2.1,1.8,2.8,2.1
2007-10-31,1.4233695652173914,2.0453130434782607,115.92304347826085,1.1743565217391307,77.84782608695652,85.6582608695652,1539.6586956521737,13901.280434782606,2780.4156521739133,1034.474347826087,5793.71695652174,7950.703478260871,756.8826086956523,82.47521739130433,4.510869565217392,4.680434782608694,4.7,7.3,4.6,1.3,2.5,4.7,2.2,1.9,3.5,2.6
2007-11-30,1.4680590909090911,2.071,110.92090909090908,1.122940909090909,75.63818181818179,94.79272727272728,1462.3540909090912,13182.325909090909,2659.793181818182,989.570909090909,5565.341363636364,7715.145909090908,806.2122727272726,92.20409090909091,4.5,4.638181818181818,4.7,7.3,5.3,0.7,3.1,3.2,2.3,1.9,4.3,3.1
2007-12-31,1.4552285714285715,2.0149190476190477,112.47,1.140514285714286,76.8004761904762,91.9438095238095,1480.1061904761905,13413.76761904762,2664.5419047619043,994.6704761904759,5619.879047619047,7956.065714285714,807.1009523809523,91.47619047619048,4.261904761904762,4.838571428571429,5.0,7.3,3.0,-0.9,2.0,1.6,2.4,1.9,4.1,3.1
2008-01-31,1.4715565217391307,1.969895652173913,107.88260869565218,1.1015304347826087,75.97869565217393,93.08608695652175,1378.77,12550.638695652171,2420.950869565217,913.5952173913045,5170.818695652171,7350.847391304349,888.3299999999998,91.99739130434781,3.4130434782608696,4.489565217391304,5.0,7.3,3.3,1.6,2.2,3.8,2.5,1.8,4.3,3.2
2008-02-29,1.4758904761904763,1.9639857142857144,107.11,1.089395238095238,75.69809523809523,95.57095238095238,1354.5823809523808,12416.169523809524,2324.8909523809525,861.8595238095239,4845.170000000001,6886.684285714286,925.566666666667,94.66476190476192,3.0,4.3652380952380945,4.9,7.3,2.1,1.5,0.9,3.0,2.3,1.8,4.0,3.3
2008-03-31,1.552785714285714,2.0010999999999997,100.79857142857142,1.0114571428571426,72.47,105.20285714285713,1318.5114285714287,12201.850476190479,2258.243333333334,825.9476190476191,4645.934285714286,6501.9857142857145,960.8809523809524,102.71095238095238,2.2857142857142856,4.606190476190475,5.1,7.3,1.2,-1.6,0.4,1.8,2.4,2.0,4.0,3.6
2008-04-30,1.5762545454545454,1.9815181818181815,102.68818181818182,1.0140136363636363,72.10545454545455,112.46272727272729,1370.4690909090907,12656.632727272727,2368.099545454546,869.9018181818182,4900.191818181818,6762.712727272728,910.3454545454545,110.42954545454546,2.0113636363636362,4.782727272727272,5.0,7.4,2.1,-1.2,-1.0,4.3,2.3,1.7,3.9,3.3
2008-05-31,1.556081818181818,1.9662227272727273,104.32181818181817,1.0442272727272728,72.86681818181819,125.61272727272726,1402.4054545454544,12797.351818181818,2483.1499999999996,894.054090909091,5022.434090909091,7055.534090909091,890.8045454545456,124.68136363636363,2.0,4.8563636363636355,5.4,7.4,1.3,0.8,-1.6,-0.8,2.3,1.7,4.2,3.7
2008-06-30,1.5570047619047618,1.967538095238095,106.88142857142859,1.0359952380952382,73.17952380952381,134.0157142857143,1341.2509523809526,12056.665238095236,2427.4542857142856,831.157142857143,4664.552380952381,6716.835714285715,890.5466666666666,133.74380952380952,2.0,4.939523809523808,5.6,7.5,2.4,-1.7,-1.7,-0.4,2.4,1.8,5.0,4.0
2008-07-31,1.5765347826086957,1.9897130434782604,106.87434782608696,1.027813043478261,72.54565217391304,133.82739130434783,1257.108260869565,11320.904347826086,2276.6234782608694,749.2195652173913,4287.1904347826085,6341.488260869564,940.021304347826,134.56478260869568,2.0,4.957826086956519,5.8,7.5,1.4,-1.5,-2.2,-1.1,2.5,1.7,5.6,4.0
2008-08-31,1.495338095238095,1.8868333333333336,109.4204761904762,1.0843714285714288,76.06095238095239,116.68809523809526,1281.472380952381,11530.746190476188,2389.267142857143,768.3847619047618,4409.883333333334,6421.488095238095,836.8385714285714,115.23619047619047,2.0,4.959523809523809,6.1,7.6,0.3,-1.5,-3.8,-1.4,2.5,1.9,5.4,3.8
2008-09-30,1.436422727272727,1.7998227272727276,106.62136363636364,1.1091727272727274,78.2359090909091,104.0340909090909,1219.7618181818182,11133.603636363638,2212.184545454546,735.0118181818181,4220.489090909091,6135.59409090909,828.8018181818181,100.785,2.0,5.015000000000001,6.1,7.7,-1.6,-0.6,-8.4,-2.9,2.5,1.9,4.9,3.6
2008-10-31,1.3283391304347825,1.6895086956521739,100.14043478260868,1.142717391304348,83.11086956521739,76.72391304347826,968.8008695652173,9176.714347826086,1730.3195652173906,591.0065217391304,3474.6669565217403,4946.9513043478255,805.0573913043478,73.68434782608696,1.1521739130434783,5.105652173913042,6.5,7.8,-6.0,-1.8,-7.1,-5.8,2.2,1.9,3.7,3.2
2008-11-30,1.2722500000000003,1.52902,96.8055,1.1924499999999998,86.3915,57.29050000000001,883.7005000000001,8620.157,1542.3394999999998,558.8745000000001,3287.209,4691.9925,760.6570000000002,54.746,1.0,4.2325,6.8,8.0,-10.4,-1.6,-8.8,-8.8,2.0,1.9,1.1,2.1
2008-12-31,1.353595652173913,1.4858043478260867,91.10347826086957,1.1365869565217392,82.97347826086958,41.853913043478265,877.3547826086955,8590.035652173914,1526.079565217391,538.2973913043479,3186.8260869565224,4667.862608695653,825.7417391304347,42.848695652173916,0.2826086956521739,3.265652173913043,7.3,8.3,-11.3,-1.5,-11.5,-12.3,1.8,1.9,0.1,1.6
2009-01-31,1.3287727272727272,1.4491454545454547,90.36454545454545,1.1252545454545455,83.96409090909091,41.979545454545445,865.8422727272726,8408.256363636365,1537.14,535.9413636363636,3111.043636363637,4554.118181818182,862.7790909090909,45.76227272727272,0.25,2.4718181818181817,7.8,8.7,-10.2,-2.3,-13.4,-16.3,1.7,1.6,0.0,1.1
2009-02-28,1.280485,1.44163,92.84450000000001,1.16323,86.53999999999999,39.04200000000001,804.4245,7698.492,1485.2110000000002,504.80499999999995,2911.544000000001,4265.0075,941.716,43.87349999999999,0.25,1.9435000000000002,8.3,9.0,-9.8,-4.6,-13.6,-18.4,1.8,1.7,0.2,1.2
2009-03-31,1.3073454545454544,1.419859090909091,97.73636363636363,1.1538954545454545,86.41136363636363,48.061818181818175,757.1268181818184,7235.466363636364,1432.233181818182,465.735,2725.318636363636,3969.1509090909076,926.9554545454546,47.41727272727273,0.25,1.6340909090909088,8.7,9.3,-11.5,-3.1,-14.8,-19.3,1.8,1.5,-0.4,0.6
2009-04-30,1.3207000000000002,1.472777272727273,98.92636363636366,1.1471681818181818,85.25545454545455,49.9540909090909,848.6327272727272,7996.2695454545465,1641.7004545454545,511.6986363636363,3006.57,4516.5931818181825,890.7772727272728,51.46318181818182,0.25,1.421363636363636,9.0,9.5,-11.1,-2.4,-14.8,-21.4,1.9,1.8,-0.7,0.6
2009-05-31,1.3672285714285715,1.546009523809524,96.50761904761904,1.1058333333333332,82.0347619047619,59.36666666666666,902.7857142857143,8392.604285714286,1727.237142857143,555.9276190476191,3243.720476190476,4880.795238095238,930.3999999999999,58.5852380952381,0.25,1.283809523809524,9.4,9.6,-11.1,-3.6,-15.2,-17.2,1.8,1.5,-1.3,0.0
2009-06-30,1.4013590909090912,1.637868181818182,96.66772727272728,1.0809227272727273,80.11590909090908,69.69545454545457,926.1149999999999,8592.998636363634,1826.9881818181818,555.0295454545455,3242.8536363636363,4930.824545454545,945.5899999999998,69.27090909090909,0.25,1.2254545454545456,9.5,9.7,-9.7,-2.7,-15.3,-16.8,1.7,1.4,-1.4,-0.1
2009-07-31,1.4086,1.6386478260869566,94.45565217391304,1.0785521739130433,79.52652173913043,64.28260869565216,934.2082608695652,8662.397826086957,1870.0795652173917,552.5021739130434,3211.9800000000005,4949.607391304348,935.0682608695654,65.75086956521739,0.25,0.9543478260869565,9.5,9.8,-9.2,-1.9,-13.9,-15.8,1.5,1.3,-2.1,-0.7
2009-08-31,1.4265714285714284,1.6533333333333329,94.9161904761905,1.0678523809523808,78.44809523809525,71.13857142857142,1009.7247619047617,9375.061904761906,1997.1552380952382,608.5085714285714,3539.879523809524,5395.204285714286,949.7342857142856,73.05714285714286,0.25,0.8276190476190477,9.6,9.9,-6.9,-2.7,-11.6,-14.9,1.4,1.3,-1.5,-0.2
2009-09-30,1.456381818181818,1.6312727272727268,91.39272727272726,1.0399636363636364,77.05863636363637,69.54227272727272,1043.6813636363636,9626.166363636365,2082.6118181818183,646.4036363636363,3732.74,5583.973181818183,997.9245454545454,68.14681818181818,0.25,0.7304545454545454,9.8,10.0,-7.7,-3.4,-6.9,-12.7,1.5,1.2,-1.3,-0.3
2009-10-31,1.4818454545454545,1.6199500000000007,90.315,1.0216454545454545,76.01045454545455,75.82363636363635,1067.6636363636362,9857.343636363636,2122.8495454545455,660.0999999999999,3780.0009090909093,5680.036818181819,1044.994090909091,73.93363636363637,0.25,0.6899999999999998,10.0,10.0,-3.2,-1.8,-7.5,-11.0,1.7,1.2,-0.2,-0.1
2009-11-30,1.4927666666666666,1.661152380952381,89.11238095238095,1.0116190476190476,75.30809523809523,78.04523809523809,1088.231904761905,10238.832857142857,2143.29,653.6923809523809,3752.7309523809517,5642.16,1131.8904761904762,77.58285714285716,0.25,0.6752380952380952,9.9,10.1,1.5,-3.0,-5.9,-7.1,1.7,1.0,1.8,0.5
2009-12-31,1.4568956521739131,1.6219956521739127,90.04652173913044,1.0306391304347826,76.82739130434781,74.78434782608696,1111.1343478260867,10437.210869565219,2223.664347826087,670.4917391304348,3855.994347826086,5860.223913043479,1126.7126086956523,75.17304347826087,0.25,0.6739130434782608,9.9,10.1,4.2,-0.9,-2.8,-3.8,1.8,1.1,2.7,0.9
2010-01-31,1.4271619047619046,1.6159333333333332,91.21904761904764,1.0340666666666667,77.80666666666669,78.58,1125.298571428571,10475.769999999999,2272.2161904761906,684.6428571428571,3929.455714285714,5872.034285714285,1117.1561904761907,77.03142857142856,0.25,0.6295238095238093,9.8,10.2,2.7,-0.4,0.7,2.3,1.6,0.8,2.6,1.0
2010-02-28,1.36816,1.56234,90.16100000000002,1.07186,80.1645,76.4805,1089.4454999999998,10208.738000000001,2195.4275000000002,649.2549999999999,3687.0965000000006,5586.022000000001,1097.9789999999998,74.78999999999999,0.25,0.6034999999999997,9.8,10.2,3.3,-0.5,1.7,4.0,1.3,0.7,2.1,0.9
2010-03-31,1.357404347826087,1.5060391304347827,90.71739130434783,1.066021739130435,80.6708695652174,81.29,1152.0486956521738,10677.518695652176,2362.243913043478,688.1778260869567,3922.1513043478253,5965.046956521738,1114.5804347826086,79.93130434782609,0.25,0.5891304347826086,9.9,10.2,7.5,1.3,4.0,7.7,1.1,1.1,2.3,1.4
2010-04-30,1.3427954545454541,1.5337181818181818,93.49045454545457,1.0682272727272728,81.23545454545454,84.66818181818184,1196.8672727272724,11046.462272727273,2473.620454545455,704.0190909090908,3980.992272727273,6217.134545454545,1149.701818181818,85.62545454545456,0.25,0.5836363636363635,9.9,10.3,7.8,-0.6,5.3,9.0,0.9,0.9,2.2,1.5
2010-05-31,1.2534857142857143,1.4656380952380952,91.88095238095238,1.1326238095238095,85.41904761904763,74.0442857142857,1122.4752380952382,10482.879047619048,2314.6242857142856,642.4957142857141,3561.727619047619,5966.352857142858,1206.5747619047618,76.99761904761905,0.25,0.6290476190476193,9.6,10.3,5.9,0.8,7.9,8.4,0.9,0.9,2.0,1.6
2010-06-30,1.221177272727273,1.4757863636363633,90.80681818181817,1.1263500000000002,86.57545454545455,75.40454545454544,1083.3609090909092,10159.267272727271,2235.229545454546,645.1304545454545,3557.954090909091,6080.79590909091,1233.9827272727273,75.65863636363635,0.25,0.66,9.4,10.3,4.2,1.0,8.5,8.5,0.9,1.0,1.1,1.4
2010-07-31,1.2803227272727273,1.5302045454545452,87.5559090909091,1.0531181818181818,83.14045454545455,76.18272727272726,1077.4513636363633,10197.889545454544,2204.9831818181815,641.4295454545455,3539.296363636364,6061.310454545454,1192.9581818181816,75.35636363636364,0.25,0.785,9.4,10.2,4.1,0.4,7.7,7.9,0.9,1.0,1.2,1.7
2010-08-31,1.289772727272727,1.565227272727273,85.3709090909091,1.0392818181818184,82.14954545454547,76.66681818181819,1087.282272727273,10350.396363636364,2205.281363636364,651.5609090909091,3616.85,6122.403636363637,1217.8731818181818,77.11500000000002,0.25,0.8299999999999997,9.5,10.2,2.9,1.4,6.9,8.6,0.9,1.0,1.1,1.6
2010-09-30,1.309281818181818,1.5574636363636365,84.37636363636362,1.0010863636363636,81.08045454545454,75.48227272727273,1120.7072727272725,10591.24181818182,2294.2799999999997,671.0236363636365,3723.5481818181825,6214.873636363635,1272.3368181818182,78.41727272727273,0.25,0.8277272727272728,9.5,10.2,6.1,0.7,6.3,6.2,0.8,1.2,1.1,1.8
2010-10-31,1.3900095238095238,1.5857285714285714,81.7942857142857,0.9687619047619048,77.4604761904762,81.9747619047619,1171.5838095238091,11044.485238095236,2441.2957142857144,685.5761904761905,3799.429523809524,6436.313333333334,1344.8061904761905,83.53619047619047,0.25,0.9352380952380951,9.4,10.2,6.4,0.7,5.7,6.9,0.6,1.1,1.2,1.9
2010-11-30,1.3640863636363636,1.5952181818181819,82.57636363636362,0.9851772727272724,78.44272727272727,84.28954545454543,1198.4572727272725,11197.811363636361,2531.151818181818,690.6618181818184,3818.372272727273,6744.414545454547,1371.8954545454544,86.15954545454544,0.25,0.9827272727272726,9.8,10.1,6.7,1.6,5.3,8.1,0.8,1.1,1.1,1.9
2010-12-31,1.322695652173913,1.5598521739130433,83.21565217391304,0.9670347826086956,80.06869565217391,89.30999999999999,1242.2217391304348,11469.160434782609,2633.113043478261,697.1199999999999,3848.5343478260866,6987.568260869565,1392.7552173913045,92.25478260869566,0.25,0.9534782608695653,9.3,10.1,6.7,-0.5,6.0,9.2,0.8,1.1,1.5,2.2
2011-01-31,1.337404761904762,1.5787857142857142,82.6195238095238,0.9566238095238094,79.1547619047619,89.66428571428571,1283.2090476190474,11804.063809523808,2719.5247619047623,711.9590476190476,3960.7147619047623,7039.681428571428,1360.9452380952382,96.90714285714287,0.25,0.9533333333333331,9.1,10.1,7.4,0.4,4.6,5.7,1.0,1.1,1.6,2.3
2011-02-28,1.366185,1.6137000000000001,82.57250000000002,0.9494000000000001,77.778,89.93449999999999,1320.8339999999998,12191.140000000003,2782.1799999999994,730.0035000000001,4086.4025,7294.155500000001,1375.2815000000003,104.032,0.25,1.0374999999999999,9.0,10.0,8.1,0.9,3.8,8.0,1.1,1.0,2.1,2.4
2011-03-31,1.401891304347826,1.615939130434783,81.64347826086957,0.9186565217391304,76.28869565217391,102.98130434782607,1304.4860869565218,12081.476521739129,2722.289130434783,706.7752173913043,3941.6347826086953,6952.815652173912,1422.8969565217394,114.67173913043482,0.25,1.126521739130435,9.0,10.0,6.7,-1.5,4.2,6.4,1.2,1.3,2.7,2.7
2011-04-30,1.4472666666666665,1.6385666666666663,83.17190476190474,0.8964380952380955,74.69,110.1452380952381,1331.6833333333334,12437.019523809524,2798.4433333333336,717.2485714285714,4022.6628571428564,7233.567142857143,1485.354285714286,123.17476190476188,0.25,1.276190476190476,9.1,10.0,6.6,0.6,3.4,5.5,1.3,1.6,3.2,2.8
2011-05-31,1.4325409090909091,1.6340136363636366,81.145,0.8734272727272728,74.94272727272728,101.41772727272725,1338.623636363636,12579.529090909089,2815.9950000000003,713.4595454545454,3998.6418181818185,7330.60318181818,1512.6036363636363,114.52181818181818,0.25,1.376363636363636,9.0,10.0,7.4,-1.6,2.2,4.1,1.5,1.5,3.6,2.7
2011-06-30,1.4400772727272726,1.6218863636363636,80.4709090909091,0.8400136363636364,74.69409090909092,96.28863636363639,1287.2886363636362,12097.309545454546,2687.762727272727,687.4277272727272,3853.320909090909,7158.676818181819,1528.5627272727274,113.90181818181819,0.25,1.4336363636363634,9.1,10.0,8.2,-0.9,2.3,2.5,1.6,1.5,3.6,2.7
2011-07-31,1.4293857142857143,1.6154190476190475,79.27,0.8220666666666667,74.73428571428572,97.31904761904762,1325.7890476190476,12515.065714285714,2811.2990476190475,685.2076190476191,3817.877619047619,7292.776190476188,1574.507142857143,116.7547619047619,0.25,1.5428571428571427,9.0,10.2,8.0,-0.3,2.4,4.0,1.8,1.2,3.6,2.5
2011-08-31,1.433882608695652,1.635882608695652,77.04217391304348,0.7808,74.23826086956522,86.3408695652174,1185.3056521739127,11326.617826086956,2504.623043478261,589.8239130434783,3201.85,5923.825652173912,1763.9269565217394,109.92608695652174,0.25,1.5008695652173911,9.0,10.2,7.6,0.0,2.7,5.6,2.0,1.2,3.8,2.5
2011-09-30,1.3752363636363636,1.577309090909091,76.86136363636362,0.8735772727272729,76.91545454545454,85.62863636363637,1172.522272727273,11164.749090909092,2521.849545454546,560.1813636363636,2983.10590909091,5402.265454545455,1772.0009090909095,109.90499999999999,0.25,1.4845454545454542,9.0,10.4,7.9,-1.2,2.4,1.7,2.0,1.6,3.9,3.0
2011-10-31,1.3727714285714288,1.577309523809524,76.67857142857143,0.896342857142857,77.1557142857143,86.42809523809524,1207.2161904761904,11515.930952380952,2594.7819047619046,586.1585714285715,3148.3885714285716,5871.784285714286,1671.1866666666663,108.78666666666669,0.25,1.50952380952381,8.8,10.5,7.3,-0.7,3.4,0.4,2.1,1.6,3.5,3.0
2011-11-30,1.3554363636363638,1.5800318181818183,77.53500000000003,0.908331818181818,77.95727272727272,97.145,1223.335,11778.307727272726,2598.799090909092,568.9886363636364,3033.0036363636373,5826.460454545455,1739.4954545454543,110.49136363636363,0.25,1.4318181818181819,8.6,10.6,6.6,-1.4,3.3,-0.2,2.2,1.6,3.4,3.0
2011-12-31,1.3149045454545454,1.5589,77.83863636363638,0.9335090909090908,79.62954545454546,98.70136363636362,1244.3277272727273,12085.485909090909,2602.739545454546,579.6863636363637,3092.443636363637,5868.767272727272,1638.696363636364,107.77045454545458,0.25,1.3554545454545452,8.5,10.7,6.1,-1.7,2.8,-1.6,2.2,1.6,3.0,2.7
2012-01-31,1.2911545454545452,1.5524,76.93318181818182,0.9376500000000003,80.33363636363636,100.45636363636366,1299.1945454545455,12540.785909090908,2738.759090909091,606.4122727272727,3250.6131818181825,6278.337727272727,1657.144545454545,111.30818181818182,0.25,1.1618181818181819,8.3,10.8,6.4,-0.7,3.6,-1.7,2.3,1.5,2.9,2.7
2012-02-29,1.3237190476190475,1.5804857142857145,78.60285714285715,0.9119333333333332,78.95285714285713,102.42476190476188,1352.9504761904761,12892.699047619048,2929.9133333333334,635.1190476190475,3420.356666666666,6789.551428571429,1741.6333333333334,119.06000000000002,0.25,0.9752380952380955,8.3,10.9,6.7,-2.2,4.3,-1.8,2.2,1.5,2.9,2.7
2012-03-31,1.3213409090909092,1.5831545454545455,82.54363636363637,0.9128454545454545,79.5590909090909,106.20499999999998,1389.24,13079.464999999998,3035.9159090909093,649.945,3490.014090909091,6966.535909090907,1676.6604545454547,124.54454545454546,0.25,0.7631818181818182,8.2,11.1,6.2,0.0,2.8,-2.0,2.3,1.6,2.7,2.7
2012-04-30,1.316447619047619,1.6006619047619048,81.27476190476189,0.9131571428571429,79.43,103.30380952380953,1386.227619047619,13025.936666666668,3035.671904761904,615.6909523809524,3245.8361904761905,6719.966190476191,1649.9238095238095,120.59857142857142,0.25,0.6590476190476192,8.2,11.2,5.0,-3.2,3.9,-2.5,2.3,1.6,2.3,2.6
2012-05-31,1.2787999999999997,1.5907913043478263,79.67782608695653,0.9396782608695652,80.98782608695652,94.54391304347827,1340.8878260869565,12714.980434782608,2899.13,591.2060869565217,3090.5426086956513,6437.209130434782,1587.675217391304,110.28869565217391,0.25,0.6130434782608694,8.2,11.3,5.0,-0.5,3.9,-2.3,2.3,1.6,1.7,2.4
2012-06-30,1.254809523809524,1.5560333333333336,79.35285714285715,0.9571428571428571,82.24619047619046,82.40523809523809,1323.4842857142858,12544.904761904765,2850.353809523809,583.9852380952381,3055.8895238095242,6184.003809523811,1600.5252380952381,95.92714285714285,0.25,0.5723809523809527,8.2,11.4,3.4,-0.7,3.6,-2.0,2.2,1.6,1.7,2.4
2012-07-31,1.2292818181818184,1.5598454545454545,78.97818181818184,0.97715,83.02272727272728,87.89909090909093,1360.1309090909092,12817.855,2922.658181818181,617.7163636363638,3199.5536363636365,6549.640454545456,1593.6704545454545,102.72363636363637,0.25,0.38227272727272726,8.2,11.5,3.8,-1.9,3.3,-2.5,2.1,1.7,1.4,2.4
2012-08-31,1.2403869565217391,1.5718304347826089,78.68217391304348,0.9684173913043479,82.1595652173913,94.16086956521738,1403.4404347826087,13134.902608695655,3032.666521739131,652.9204347826088,3425.151739130434,6949.782173913044,1630.2617391304345,112.67826086956525,0.25,0.2073913043478261,8.1,11.5,4.7,-0.8,2.3,-1.1,1.9,1.5,1.7,2.6
2012-09-30,1.287395,1.611375,78.16349999999998,0.9393499999999999,79.8755,94.59549999999999,1441.4954999999998,13399.3705,3133.7155000000002,662.8249999999999,3491.194000000001,7274.395999999999,1745.7769999999996,113.03399999999999,0.25,0.15849999999999995,7.8,11.6,4.6,-1.8,2.3,-2.6,2.0,1.5,2.0,2.6
2012-10-31,1.2970086956521738,1.6072347826086957,79.00695652173913,0.9326826086956521,79.73782608695652,89.57086956521738,1435.585652173913,13356.868260869569,3051.889565217391,655.1900000000002,3435.668260869565,7288.161304347827,1744.3573913043479,111.52,0.25,0.13956521739130437,7.8,11.7,4.1,-3.0,1.9,-3.3,2.0,1.5,2.2,2.5
2012-11-30,1.2838500000000002,1.5963681818181819,81.05318181818183,0.9386772727272725,80.69590909090911,86.80272727272728,1395.1777272727275,12901.589545454544,2942.1890909090907,656.3013636363637,3461.4768181818185,7238.5763636363645,1722.8872727272728,109.52727272727275,0.25,0.12999999999999992,7.7,11.8,4.1,-2.2,2.4,-4.0,1.9,1.4,1.8,2.2
2012-12-31,1.3126761904761903,1.6145333333333336,83.91000000000001,0.9208190476190478,79.74857142857142,88.37571428571428,1422.1685714285713,13142.773333333333,3003.1428571428573,681.4114285714286,3635.8242857142864,7586.468095238098,1683.414761904762,109.19380952380953,0.25,0.12476190476190477,7.9,11.9,4.3,-2.3,2.2,-2.8,1.9,1.5,1.7,2.2
2013-01-31,1.330204347826087,1.5974260869565218,89.0991304347826,0.9238956521739129,79.87130434782608,94.81565217391304,1480.1426086956521,13610.719130434782,3126.0708695652174,698.7504347826087,3733.9700000000007,7748.922608695653,1671.2839130434782,112.23782608695653,0.25,0.13608695652173913,8.0,12.0,4.3,-2.3,1.5,-2.3,1.9,1.3,1.6,2.0
2013-02-28,1.33392,1.5465900000000004,93.1265,0.921575,80.60250000000002,95.38849999999998,1513.243,13970.747000000003,3171.432,694.2015,3679.4405000000006,7666.717999999999,1626.9254999999998,116.07249999999999,0.25,0.14300000000000002,7.7,12.0,4.2,-1.6,1.8,-2.9,2.0,1.3,2.0,1.8
2013-03-31,1.2956666666666667,1.5082809523809524,94.87190476190479,0.9464238095238096,82.64142857142858,93.15285714285714,1551.3690476190473,14425.61952380952,3236.3100000000004,717.375238095238,3787.305238095238,7908.231428571429,1593.6004761904762,109.54333333333335,0.25,0.1285714285714285,7.5,12.1,3.1,-2.2,2.7,-1.8,1.9,1.5,1.5,1.7
2013-04-30,1.3025136363636365,1.5309363636363633,97.75863636363637,0.9366500000000002,82.5240909090909,92.06772727272728,1570.7022727272727,14675.90909090909,3251.3518181818176,712.1654545454546,3738.2909090909093,7726.334545454546,1485.0350000000003,103.425,0.25,0.12818181818181815,7.6,12.1,3.1,-1.1,1.8,-0.7,1.7,1.0,1.1,1.2
2013-05-31,1.2977869565217388,1.528704347826087,100.98956521739129,0.9564956521739133,83.21478260869564,94.80869565217391,1640.721739130435,15182.49391304348,3442.4847826086966,746.4382608695653,3963.920434782608,8299.874782608695,1416.589565217391,103.27652173913044,0.25,0.11956521739130441,7.5,12.1,3.7,-0.1,1.7,-1.8,1.7,1.2,1.4,1.4
2013-06-30,1.3199800000000002,1.5497,97.293,0.9330899999999998,81.87450000000003,95.80050000000001,1618.7725,15035.7545,3416.7415,713.1524999999999,3792.5340000000006,8089.147499999999,1342.4710000000002,103.34100000000004,0.25,0.13199999999999995,7.5,12.1,4.9,-1.4,1.9,-0.7,1.6,1.2,1.8,1.6
2013-07-31,1.309486956521739,1.5187217391304346,99.64304347826089,0.9443086956521739,82.81521739130436,104.63434782608697,1667.0760869565217,15379.151739130431,3556.218260869565,731.0221739130434,3876.5556521739136,8161.835217391306,1288.0143478260868,107.42695652173911,0.25,0.1447826086956522,7.3,12.1,5.3,-0.7,1.1,-2.0,1.7,1.1,2.0,1.6
2013-08-31,1.3318590909090908,1.5505590909090914,97.7959090909091,0.925590909090909,81.48318181818183,106.53909090909092,1670.0936363636363,15195.347727272729,3639.9286363636365,760.5450000000001,4046.3086363636367,8332.46227272727,1353.675909090909,110.44909090909094,0.25,0.14999999999999994,7.2,12.0,3.8,-0.3,2.3,-1.8,1.8,1.1,1.5,1.3
2013-09-30,1.3361571428571426,1.5874142857142854,99.19666666666667,0.9232,81.20571428571428,106.3452380952381,1684.9161904761904,15249.08476190476,3725.6119047619045,771.8599999999998,4117.690476190477,8497.83857142857,1350.7942857142855,111.2547619047619,0.25,0.15523809523809523,7.2,12.0,3.0,-0.3,2.8,-0.1,1.7,1.0,1.2,1.1
2013-10-31,1.363895652173913,1.6090869565217392,97.82869565217395,0.9030478260869567,79.8708695652174,100.55260869565215,1720.0265217391304,15289.291304347827,3848.202608695653,788.7113043478261,4228.013913043478,8800.492173913044,1315.89,109.44043478260872,0.25,0.1673913043478261,7.2,11.9,3.4,-0.4,2.4,0.2,1.7,0.8,1.0,0.7
2013-11-30,1.3497571428571429,1.6114190476190478,100.10904761904762,0.9125857142857141,80.8452380952381,93.87380952380951,1784.6014285714282,15881.093809523805,3962.4066666666663,802.6895238095237,4279.88,9170.552380952382,1275.1814285714286,107.90380952380953,0.25,0.17571428571428566,6.9,11.9,3.2,1.5,2.2,2.6,1.7,0.9,1.2,0.9
2013-12-31,1.3702999999999999,1.6381681818181824,103.59772727272725,0.8937136363636363,80.32318181818181,97.96954545454545,1809.3318181818183,16113.234090909089,4080.034545454544,787.7827272727274,4172.005454545454,9290.839090909094,1221.500909090909,110.77318181818183,0.25,0.24727272727272717,6.7,11.9,3.5,-0.3,2.2,1.5,1.7,0.7,1.5,0.8
2014-01-31,1.3622652173913041,1.647304347826087,103.87652173913041,0.9032739130434784,80.79608695652173,94.88782608695651,1823.7073913043473,16259.737391304347,4156.974782608697,804.0052173913044,4247.484782608695,9511.708260869565,1244.07,107.29913043478257,0.25,0.2695652173913044,6.6,11.9,1.6,0.9,1.8,2.0,1.6,0.8,1.6,0.8
2014-02-28,1.36698,1.6565649999999998,102.11549999999998,0.893455,80.43800000000002,100.763,1818.2209999999995,15967.041000000001,4203.1175,809.8644999999999,4300.8375,9507.9935,1302.6345000000001,108.835,0.25,0.2589999999999999,6.7,11.9,1.8,1.1,2.1,2.0,1.6,1.0,1.1,0.7
2014-03-31,1.3825619047619047,1.661619047619047,102.35761904761904,0.8806428571428572,79.87238095238095,100.50904761904765,1863.5233333333333,16308.627619047616,4276.359047619048,818.174761904762,4338.051428571428,9339.49857142857,1334.8271428571427,107.74809523809525,0.25,0.27523809523809534,6.7,11.8,3.6,1.1,2.7,0.6,1.7,0.7,1.5,0.5
2014-04-30,1.3810863636363637,1.6747681818181817,102.51181818181817,0.8830000000000001,79.85,102.14090909090906,1864.61,16401.763636363637,4119.407727272726,836.463181818182,4441.557272727273,9499.922272727274,1298.8681818181817,108.14090909090909,0.25,0.294090909090909,6.3,11.7,5.2,1.9,3.0,2.2,1.8,1.0,2.0,0.7
2014-05-31,1.373281818181818,1.6840500000000005,101.83545454545452,0.8888272727272727,79.96227272727273,101.89999999999999,1890.7736363636361,16572.175,4139.995909090909,844.4563636363633,4483.630454545454,9702.540454545455,1288.3195454545455,109.2390909090909,0.25,0.2972727272727273,6.3,11.7,4.9,0.5,3.2,1.0,2.0,0.7,2.1,0.5
2014-06-30,1.360042857142857,1.6916999999999998,102.06619047619049,0.8955047619047618,80.44,105.14666666666666,1947.0876190476192,16843.754761904762,4332.737619047619,855.4052380952382,4522.0085714285715,9927.434285714286,1282.5704761904763,111.96714285714287,0.25,0.21428571428571427,6.1,11.5,4.8,1.7,3.4,0.4,1.9,0.8,2.1,0.5
2014-07-31,1.3537652173913042,1.7074826086956523,101.74956521739132,0.8976652173913043,80.53521739130433,102.44130434782609,1973.2978260869565,16989.826956521738,4434.8826086956515,831.704782608696,4362.04347826087,9751.789565217392,1311.8165217391306,108.18521739130433,0.25,0.17391304347826086,6.2,11.6,4.2,0.2,4.1,2.2,1.9,0.8,2.0,0.4
2014-08-31,1.3314190476190475,1.6698380952380953,102.97857142857141,0.9099857142857142,81.85666666666667,96.07619047619048,1961.5319047619046,16775.15428571429,4464.830952380953,813.7847619047617,4249.599047619047,9273.080476190478,1295.6957142857143,103.39571428571428,0.25,0.15571428571428567,6.2,11.5,5.3,1.6,3.2,0.0,1.7,0.9,1.7,0.4
2014-09-30,1.2894863636363636,1.6305545454545454,107.38681818181819,0.9366681818181818,84.36454545454545,93.02727272727272,1993.6377272727275,17096.73727272727,4553.703181818182,845.6027272727274,4425.323636363637,9638.676818181819,1237.9627272727273,98.57,0.25,0.06545454545454549,5.9,11.5,5.1,0.7,3.0,0.7,1.7,0.8,1.7,0.3
2014-10-31,1.268204347826087,1.6075739130434783,108.01826086956522,0.9525347826086954,85.67999999999999,84.3391304347826,1937.2743478260873,16701.87043478261,4403.229999999999,796.6630434782609,4129.8095652173915,8982.180434782606,1223.1047826086956,88.0495652173913,0.25,0.05739130434782612,5.7,11.5,4.9,1.4,3.2,1.1,1.8,0.7,1.7,0.4
2014-11-30,1.247455,1.5773149999999998,116.404,0.9640199999999999,87.72249999999998,75.32700000000001,2045.7215,17657.940500000004,4692.899,826.1670000000001,4261.010999999999,9490.3215,1177.0929999999998,79.62899999999999,0.25,0.057000000000000016,5.8,11.5,4.8,1.2,3.7,-0.4,1.7,0.7,1.3,0.3
2014-12-31,1.2306739130434783,1.5630086956521738,119.43695652173916,0.9771608695652175,89.19173913043478,59.091304347826075,2055.7665217391304,17767.260869565216,4735.925217391305,834.6630434782609,4267.040869565217,9825.241739130435,1198.5956521739129,63.1004347826087,0.25,0.06000000000000003,5.6,11.3,3.7,2.4,3.2,1.1,1.6,0.7,0.8,-0.2
2015-01-31,1.1629636363636366,1.5159681818181816,118.32909090909088,0.9424045454545454,92.815,47.52681818181818,2029.2872727272727,17554.241818181818,4675.2586363636365,862.5609090909088,4380.055909090909,10121.404999999999,1251.4913636363638,50.03454545454545,0.25,0.04000000000000001,5.7,11.3,4.1,2.8,3.1,1.2,1.6,0.6,-0.1,-0.6
2015-02-28,1.135405,1.53347,118.782,0.93614,94.45349999999999,50.864999999999995,2083.103,17950.520500000002,4856.5070000000005,936.3894999999999,4768.503999999999,10977.139500000001,1226.9979999999998,58.794999999999995,0.25,0.026500000000000006,5.5,11.2,2.3,3.1,1.8,2.3,1.7,0.7,0.0,-0.3
2015-03-31,1.08285,1.4969136363636366,120.36636363636366,0.9796136363636364,97.89727272727274,47.85409090909091,2079.9904545454547,17931.745,4938.011363636364,982.6595454545454,5000.727727272729,11784.850454545454,1179.5531818181817,56.938636363636355,0.25,0.01954545454545455,5.5,11.2,3.0,1.9,0.5,3.2,1.8,0.6,-0.1,-0.1
2015-04-30,1.0817499999999998,1.4961272727272728,119.51909090909093,0.9601227272727274,97.52045454545454,54.51499999999999,2094.2154545454546,17966.437727272732,4982.832272727272,1009.3254545454546,5171.378636363636,11971.490909090908,1200.060909090909,60.843181818181826,0.25,0.0018181818181818182,5.4,11.1,1.9,2.6,-0.2,1.4,1.8,0.6,-0.2,0.0
2015-05-31,1.1157142857142854,1.5455761904761907,120.84095238095237,0.9324809523809524,95.23809523809524,59.30809523809524,2111.5747619047615,18120.752380952377,5029.589047619047,988.4614285714287,5059.3419047619045,11601.321904761906,1199.0514285714287,65.60857142857142,0.25,-0.013333333333333334,5.5,11.1,2.7,3.4,-0.9,2.2,1.7,0.9,0.0,0.3
2015-06-30,1.1235181818181819,1.5586727272727274,123.6818181818182,0.9309272727272728,95.16863636363634,59.82863636363638,2099.283636363636,17927.21909090909,5073.0422727272735,964.8313636363637,4927.926363636365,11236.295909090912,1182.450909090909,63.75272727272728,0.25,-0.01090909090909091,5.3,11.0,2.7,3.3,-1.6,3.3,1.8,0.8,0.1,0.2
2015-07-31,1.09984347826087,1.5558521739130433,123.32391304347826,0.9545260869565219,96.92521739130434,50.99956521739129,2093.04,17790.171739130434,5078.859130434783,971.4221739130437,4956.2295652173925,11288.05043478261,1130.7360869565216,56.764347826086954,0.25,-0.014347826086956523,5.2,10.8,3.2,4.3,-1.2,2.9,1.8,1.0,0.2,0.2
2015-08-31,1.1145238095238095,1.5579190476190474,123.05428571428575,0.9685380952380953,96.38761904761901,42.88904761904762,2039.866190476191,17061.593333333338,4934.622380952381,947.3333333333334,4887.1328571428585,10817.977619047617,1119.4271428571428,48.205714285714286,0.25,-0.0261904761904762,5.1,10.7,2.4,3.0,-1.3,3.7,1.8,0.9,0.2,0.1
2015-09-30,1.1236909090909093,1.5333136363636362,120.08909090909091,0.9721545454545457,95.81454545454544,45.48681818181818,1945.5390909090906,16346.892272727273,4750.91,873.7345454545455,4526.629545454546,9953.261818181818,1125.314090909091,48.53954545454546,0.25,-0.03818181818181819,5.0,10.6,2.3,3.2,-1.9,2.8,1.9,0.9,0.0,-0.1
2015-10-31,1.1220045454545455,1.5333409090909094,120.16045454545456,0.9696636363636363,95.71863636363636,46.289545454545454,2024.8127272727274,17182.282272727272,4879.036363636364,908.7409090909092,4715.629545454544,10222.309545454546,1157.8231818181819,49.29272727272728,0.25,-0.05454545454545457,5.0,10.6,1.8,2.5,-2.3,3.2,1.9,1.1,0.2,0.1
2015-11-30,1.0729333333333333,1.5193714285714288,122.63,1.0098857142857145,99.07,42.86523809523809,2081.068571428571,17727.326666666668,5084.651428571428,948.9252380952379,4910.279523809524,10986.275714285715,1085.0052380952382,45.93238095238095,0.25,-0.09619047619047623,5.0,10.5,1.9,1.9,-3.7,2.8,2.0,0.9,0.5,0.2
2015-12-31,1.0898652173913044,1.4980130434782608,121.5791304347826,0.993613043478261,98.31304347826088,37.30478260869565,2054.1847826086955,17542.220869565215,5040.558260869566,908.6382608695652,4663.587391304347,10654.414782608697,1068.4765217391302,38.80478260869565,0.5,-0.12260869565217389,5.0,10.4,2.9,2.4,-4.0,1.9,2.1,0.9,0.7,0.2
2016-01-31,1.086609523809524,1.4404238095238096,118.30095238095237,1.0067714285714287,98.7938095238095,31.945714285714285,1921.3023809523809,16331.654761904756,4618.2676190476195,855.6280952380952,4348.779523809524,9848.822857142859,1097.0847619047622,32.17761904761905,0.5,-0.15047619047619046,4.9,10.4,2.8,1.5,-2.7,5.8,2.2,1.0,1.4,0.3
2016-02-29,1.1104238095238095,1.4312952380952384,114.66761904761903,0.9917714285714286,97.04095238095239,30.581428571428575,1903.9976190476193,16294.970476190476,4457.219999999999,825.2628571428571,4184.78619047619,9291.37857142857,1201.160476190476,33.527142857142856,0.5,-0.20238095238095238,4.9,10.3,3.9,2.3,-2.9,0.2,2.3,0.8,1.0,-0.2
2016-03-31,1.1141913043478262,1.425313043478261,112.94478260869565,0.9809521739130433,96.26565217391305,38.023043478260874,2022.610434782609,17312.283913043477,4755.306086956521,866.2747826086957,4418.960434782607,9862.320434782609,1243.928260869565,39.810869565217395,0.5,-0.24304347826086956,5.0,10.2,2.1,1.9,-3.4,-0.4,2.2,1.0,0.9,0.0
2016-04-30,1.1339523809523808,1.4314095238095241,109.57714285714285,0.9641714285714287,94.40333333333332,41.1247619047619,2075.535238095238,17844.365714285716,4892.168095238095,873.6547619047617,4445.223333333333,10023.216666666665,1242.1833333333332,43.339523809523804,0.5,-0.26380952380952366,5.0,10.2,2.6,1.1,-2.7,1.9,2.1,0.7,1.1,-0.2
2016-05-31,1.129840909090909,1.45245,108.99363636363637,0.9791818181818183,94.56772727272724,46.90136363636364,2066.978636363636,17696.63272727273,4794.838636363636,862.1972727272725,4373.493636363636,10005.076818181817,1256.3663636363638,47.64681818181818,0.5,-0.2786363636363638,4.7,10.2,2.1,1.1,-2.4,0.0,2.2,0.8,1.0,-0.1
2016-06-30,1.124168181818182,1.4210636363636364,105.45409090909092,0.9691863636363636,94.6631818181818,48.85318181818183,2083.8913636363636,17754.86772727273,4856.231818181818,850.2186363636364,4293.921363636364,9859.148636363636,1276.220454545455,49.92727272727272,0.5,-0.28318181818181826,4.9,10.1,2.8,1.1,-1.7,0.1,2.2,0.9,1.0,0.1
2016-07-31,1.1064190476190476,1.3147571428571427,104.09428571428573,0.9819666666666665,96.52857142857144,44.98238095238095,2146.0280952380954,18317.346190476186,5016.30238095238,857.8966666666665,4317.636666666667,9960.520952380952,1339.858095238095,46.53476190476191,0.5,-0.3014285714285713,4.9,10.0,2.1,1.3,-2.0,-0.2,2.2,0.9,0.8,0.2
2016-08-31,1.1205434782608699,1.3104391304347829,101.30869565217391,0.9715478260869562,95.38,44.79913043478261,2177.4821739130434,18495.187391304342,5217.039130434784,872.5778260869565,4425.346086956522,10530.252608695651,1338.4800000000002,47.159130434782604,0.5,-0.3173913043478262,4.9,9.9,2.2,1.4,-2.0,1.3,2.3,0.8,1.1,0.2
2016-09-30,1.1212863636363635,1.3148454545454547,101.83227272727272,0.9737954545454546,95.47909090909091,45.24454545454545,2158.999545454545,18279.708181818183,5253.961363636365,878.6536363636365,4448.589999999999,10504.490909090908,1326.5127272727273,47.24045454545455,0.5,-0.3218181818181819,5.0,9.9,3.0,0.9,-1.7,1.4,2.2,0.8,1.5,0.4
2016-10-31,1.1024285714285715,1.2334333333333336,103.85095238095239,0.9871428571428572,97.71476190476191,49.94,2143.0209523809526,18184.546666666673,5255.989523809524,886.847619047619,4497.570952380952,10623.941904761907,1265.7838095238094,51.38761904761904,0.5,-0.32000000000000006,4.9,9.8,3.6,2.8,-1.3,3.0,2.1,0.8,1.6,0.5
2016-11-30,1.078609090909091,1.2441318181818184,108.63000000000001,0.996831818181818,99.76772727272727,45.86454545454546,2166.791818181818,18718.000000000004,5266.025,873.455909090909,4504.290454545455,10595.53,1234.0863636363638,47.07863636363636,0.7272727272727273,-0.32772727272727276,4.6,9.8,3.3,2.7,-0.9,3.6,2.1,0.8,1.7,0.6
2016-12-31,1.0538045454545455,1.2472272727272726,116.11954545454545,1.0200863636363635,102.04136363636363,52.21136363636364,2247.6404545454543,19722.99727272727,5415.37,915.7209090909091,4767.903636363636,11226.594999999998,1150.4468181818181,54.92727272727272,0.75,-0.33272727272727276,4.7,9.6,3.7,1.3,0.5,2.8,2.2,0.9,2.1,1.1
2017-01-31,1.0631045454545454,1.235390909090909,114.92136363636365,1.0079181818181822,101.2209090909091,52.820454545454545,2274.001818181818,19903.253636363635,5553.896363636363,935.4200000000001,4863.614090909091,11620.112272727272,1192.7590909090907,55.51,0.75,-0.3399999999999999,4.8,9.6,5.7,1.3,-0.5,-0.3,2.3,0.9,2.5,1.8
2017-02-28,1.064115,1.248795,112.98599999999999,1.001755,100.6955,53.598,2331.6839999999997,20440.087,5769.764499999999,938.175,4846.6915,11745.425,1234.9644999999998,55.996500000000005,0.9875,-0.34799999999999986,4.7,9.5,4.4,1.7,-0.2,1.9,2.2,0.9,2.7,2.0
2017-03-31,1.0687304347826085,1.234704347826087,112.91391304347826,1.002304347826087,100.76,49.67391304347826,2366.822173913043,20823.05782608696,5864.963913043478,966.9843478260866,5008.347391304346,12047.632173913042,1231.3865217391306,52.53869565217391,1.0,-0.3552173913043479,4.5,9.4,4.7,2.8,1.2,1.9,2.0,0.7,2.4,1.5
2017-04-30,1.07167,1.26438,110.04199999999999,1.00094,100.07899999999998,51.221000000000004,2358.7945,20682.305000000004,5909.400500000002,987.619,5120.118,12209.344000000003,1271.248,53.92700000000001,1.0,-0.3600000000000001,4.4,9.2,4.8,2.3,1.9,1.5,1.9,1.2,2.2,1.9
2017-05-31,1.105608695652174,1.2922304347826088,112.24245652173916,0.9863521739130434,98.23478260869564,48.61130434782609,2396.1095652173913,20940.839999999997,6128.28304347826,1030.0134782608695,5349.9182608695655,12654.387391304346,1245.7326086956523,51.39043478260869,1.2173913043478262,-0.3669565217391304,4.3,9.2,4.0,2.5,2.1,3.6,1.7,0.9,1.9,1.4
2017-06-30,1.1241619047619047,1.2818714285714288,110.95209523809523,0.9676142857142859,96.93571428571431,45.31285714285713,2433.960952380952,21314.01,6223.695714285714,1015.5352380952381,5262.928095238093,12705.601904761905,1260.506666666667,47.664761904761896,1.25,-0.37000000000000005,4.3,9.0,3.5,3.1,1.8,2.2,1.7,1.1,1.6,1.3
2017-07-31,1.153204761904762,1.2999857142857143,112.38423809523808,0.9601285714285717,94.91571428571426,46.64380952380952,2453.075714285714,21576.34238095238,6287.825238095237,999.9709523809523,5174.990952380952,12397.470952380952,1237.540476190476,49.14857142857144,1.25,-0.3757142857142857,4.3,9.1,3.7,2.1,1.4,3.9,1.7,1.2,1.7,1.3
2017-08-31,1.1818260869565216,1.2957130434782607,109.83636956521741,0.9652565217391303,93.17521739130434,48.05782608695652,2456.2230434782614,21914.07695652174,6311.397391304348,997.5173913043476,5122.707391304348,12153.805217391302,1284.3895652173912,51.87,1.25,-0.3734782608695652,4.4,9.0,3.7,1.8,1.1,4.2,1.7,1.2,1.9,1.5
2017-09-30,1.1906333333333332,1.3314428571428572,110.80988095238094,0.9625809523809524,92.33999999999999,49.76428571428571,2491.1747619047615,22153.40904761905,6425.578571428571,1014.3576190476191,5208.769523809523,12479.533809523811,1315.4504761904764,55.51476190476191,1.25,-0.3771428571428571,4.2,8.9,5.2,3.9,1.2,4.2,1.7,1.1,2.2,1.5
2017-10-31,1.175559090909091,1.3201499999999997,112.96113636363638,0.9821545454545454,93.7031818181818,51.59454545454546,2556.997272727273,23036.23727272727,6603.011818181819,1050.4536363636364,5389.8322727272725,13030.799090909091,1280.7331818181817,57.649090909090916,1.25,-0.37999999999999995,4.1,8.8,5.3,0.3,2.7,2.7,1.8,0.9,2.0,1.4
2017-11-30,1.1744136363636362,1.3230090909090906,112.82477272727273,0.9913272727272727,93.9618181818182,56.74272727272728,2594.0063636363634,23557.932272727274,6800.277727272728,1046.9854545454546,5397.969999999999,13159.374545454544,1282.0536363636365,62.86590909090908,1.4886363636363635,-0.37999999999999995,4.1,8.7,6.1,3.7,3.4,4.7,1.7,0.9,2.2,1.5
2017-12-31,1.1837428571428572,1.3404761904761904,112.90338095238093,0.9870761904761904,93.38,58.04333333333334,2665.1100000000006,24554.947142857145,6891.955238095239,1041.784761904762,5372.589047619047,13078.960476190476,1266.659523809524,64.23142857142858,1.5,-0.38380952380952377,4.1,8.6,5.3,2.2,2.9,5.2,1.8,0.9,2.1,1.4
2018-01-31,1.2200454545454544,1.3827772727272725,110.89488636363635,0.960740909090909,90.7559090909091,63.70909090909092,2789.195454545454,25803.510454545452,7276.961363636365,1063.9986363636365,5482.949090909091,13270.667272727273,1332.1531818181818,69.07863636363636,1.5,-0.38045454545454543,4.1,8.6,3.9,1.4,2.8,3.6,1.8,1.0,2.1,1.3
2018-02-28,1.2343600000000001,1.3961749999999997,107.86689999999999,0.93467,89.69449999999999,62.158500000000004,2705.7105,24980.705500000004,7165.398999999999,1018.5844999999999,5257.805499999999,12459.364000000001,1331.656,65.73049999999999,1.5,-0.37999999999999995,4.1,8.6,4.5,1.8,3.7,2.7,1.8,1.0,2.2,1.1
2018-03-31,1.2336636363636364,1.397690909090909,106.09763636363635,0.9481772727272727,89.87681818181818,62.78272727272727,2697.278636363637,24539.534999999996,7291.442272727273,1014.9163636363636,5198.414545454547,12158.507727272723,1326.2018181818185,66.71909090909092,1.75,-0.3804545454545453,4.1,8.5,5.1,1.7,3.6,3.2,2.1,1.0,2.4,1.3
2018-04-30,1.2274095238095237,1.407009523809524,107.62333333333332,0.9686428571428571,90.29333333333334,66.32571428571428,2653.6252380952383,24304.212857142862,7084.14238095238,1039.0090476190474,5336.119047619049,12392.114285714288,1334.927142857143,71.74428571428572,1.75,-0.36285714285714304,3.9,8.4,4.8,1.6,3.8,1.7,2.1,0.8,2.5,1.3
2018-05-31,1.1812347826086955,1.3460521739130433,109.71008695652175,0.9972739130434782,93.33652173913045,69.86130434782609,2700.90347826087,24563.35478260869,7342.10695652174,1069.3960869565217,5537.093478260868,12916.15043478261,1303.307391304348,77.00652173913043,1.9782608695652173,-0.35086956521739115,3.8,8.2,6.4,1.7,2.9,2.6,2.2,1.1,2.8,1.9
2018-06-30,1.1672761904761908,1.3284619047619048,110.12885714285713,0.9901619047619045,94.37190476190476,67.32285714285715,2754.3528571428565,24790.108095238094,7644.118571428569,1054.9314285714286,5408.2414285714285,12667.784285714284,1280.3961904761907,75.94142857142857,2.0,-0.35714285714285726,4.0,8.2,6.1,1.5,3.5,2.3,2.3,0.9,2.9,2.0
2018-07-31,1.1685863636363636,1.316990909090909,111.47354545454546,0.9944727272727273,94.60863636363636,70.74727272727272,2791.0509090909095,24949.981818181815,7745.31,1062.9772727272727,5409.368181818183,12581.67181818182,1237.8122727272726,74.95181818181818,2.0,-0.3600000000000001,3.9,8.2,6.7,1.0,4.0,0.3,2.4,1.1,2.9,2.1
2018-08-31,1.1548043478260868,1.2877913043478262,111.03578260869564,0.9879956521739132,95.47695652173914,67.84,2857.8204347826086,25629.98826086956,7892.233913043478,1066.5847826086956,5438.329130434784,12458.920869565218,1201.6047826086956,73.82217391304349,2.239130434782609,-0.3595652173913045,3.9,8.1,6.5,2.2,4.9,1.1,2.2,0.9,2.7,2.0
2018-09-30,1.1660100000000002,1.3056900000000002,112.04137500000002,0.968405,94.753,70.078,2901.2614999999996,26218.658499999998,7988.703999999998,1048.1130000000003,5381.654,12185.245,1197.989,79.1095,2.25,-0.35399999999999987,3.7,8.1,4.2,0.3,5.6,0.8,2.2,0.9,2.3,2.1
2018-10-31,1.1480608695652175,1.300795652173913,112.79523913043478,0.9941869565217393,95.8513043478261,70.75782608695651,2785.4647826086953,25609.341739130436,7527.083913043478,1003.6886956521738,5170.1430434782615,11684.520869565216,1215.3752173913044,80.62956521739132,2.25,-0.35304347826086946,3.7,8.0,4.8,2.3,3.8,1.2,2.1,1.1,2.5,2.2
2018-11-30,1.1363818181818184,1.2895727272727269,113.33715909090911,1.0007954545454545,96.75909090909092,56.569545454545455,2719.1081818181815,25214.460454545453,7224.089999999999,980.2181818181816,5035.077727272727,11359.625000000002,1220.8109090909088,65.9490909090909,2.4318181818181817,-0.3604545454545456,3.7,7.9,4.1,1.8,4.1,-3.0,2.2,1.0,2.2,1.9
2018-12-31,1.1374789473684213,1.2665736842105262,112.24802631578946,0.9920105263157893,96.8936842105263,49.03947368421053,2582.023684210526,23938.237368421058,6870.75157894737,930.2184210526317,4788.226315789474,10771.950526315792,1251.9368421052632,57.88368421052631,2.5,-0.3547368421052632,3.9,7.8,1.6,0.3,4.1,-4.2,2.2,0.9,1.9,1.5
2019-01-31,1.141927272727273,1.2909181818181819,108.9489090909091,0.9895545454545455,95.95727272727271,51.665000000000006,2608.4936363636366,24167.834545454545,6975.970454545455,940.7831818181817,4822.421363636364,10968.719545454547,1292.2559090909087,60.23818181818183,2.5,-0.335,4.0,7.8,2.8,2.2,3.9,-0.7,2.2,1.1,1.6,1.4
2019-02-28,1.1348449999999999,1.301245,110.46302499999999,1.001725,96.47650000000002,55.027,2756.1089999999995,25619.816499999997,7432.912500000001,999.4574999999999,5118.163000000001,11280.836500000001,1319.3804999999998,64.43150000000001,2.5,-0.3384999999999999,3.8,7.8,2.2,2.8,3.5,-0.3,2.1,1.0,1.5,1.5
2019-03-31,1.1298190476190475,1.3171761904761905,111.13623809523807,1.0003238095238094,96.7752380952381,58.16809523809525,2803.9838095238097,25722.620952380956,7629.36619047619,1032.3328571428572,5315.305238095239,11542.591904761906,1300.7866666666666,67.02761904761904,2.5,-0.3366666666666666,3.8,7.7,3.6,1.9,2.8,-0.6,2.0,0.8,1.9,1.4
2019-04-30,1.1232590909090907,1.3028272727272727,111.68852272727271,1.0086227272727273,97.38454545454547,63.95409090909092,2903.989545454545,26406.553181818184,7995.06409090909,1074.6322727272725,5518.674090909091,12083.208181818183,1285.7550000000003,71.73818181818181,2.5,-0.3522727272727271,3.6,7.6,3.1,1.5,0.9,-0.4,2.1,1.2,2.0,1.7
2019-05-31,1.118286956521739,1.2840608695652171,109.97758695652173,1.0106347826086957,97.72043478260866,60.79304347826087,2852.431304347826,25727.526956521742,7796.235217391306,1047.9278260869564,5368.564782608696,12091.128260869566,1284.0282608695652,70.30304347826088,2.5,-0.3539130434782609,3.6,7.5,3.2,1.3,2.0,-0.5,2.0,0.8,1.8,1.2
2019-06-30,1.1295450000000002,1.26749,108.06895,0.9879450000000002,96.87300000000002,54.70649999999999,2890.1659999999997,26160.101000000002,7825.459000000001,1055.197,5420.2965,12161.718499999999,1361.5790000000002,63.03800000000001,2.4125,-0.36899999999999994,3.7,7.5,3.4,2.6,1.3,-2.6,2.1,1.1,1.6,1.2
2019-07-31,1.1212956521739132,1.2463347826086955,108.25086956521737,0.9880173913043481,97.24652173913042,57.51999999999999,2995.865652173913,27081.92304347826,8203.693478260871,1085.2939130434781,5578.656086956522,12406.857391304347,1415.3891304347824,64.21478260869567,2.25,-0.4021739130434783,3.7,7.5,3.4,2.2,0.5,-2.0,2.2,0.9,1.8,1.1
2019-08-31,1.1122636363636362,1.21525,106.2186363636364,0.9790681818181817,98.00818181818181,54.84409090909091,2897.498181818182,26058.225000000002,7910.93272727273,1041.6468181818184,5351.889090909091,11719.749545454546,1503.6004545454548,59.50181818181818,2.0,-0.434090909090909,3.7,7.4,4.1,2.1,0.4,-2.8,2.4,0.9,1.7,1.0
2019-09-30,1.1007714285714287,1.2356047619047619,107.51228571428572,0.9908380952380953,98.60000000000002,56.855714285714285,2978.542380952381,26862.966666666664,8077.530952380954,1085.3590476190477,5607.483809523808,12285.253333333334,1507.8866666666665,62.28714285714287,1.9047619047619047,-0.4499999999999999,3.5,7.5,4.1,3.1,-0.1,-1.7,2.4,1.0,1.7,0.9
2019-10-31,1.1056391304347826,1.2657608695652172,108.1671956521739,0.9932043478260867,98.2578260869565,54.006086956521735,2977.675217391304,26736.796086956525,8079.279130434782,1086.0556521739131,5623.614782608695,12515.358695652172,1494.8717391304347,59.62086956521738,1.75,-0.43826086956521737,3.6,7.5,3.1,1.4,-1.1,-2.2,2.3,1.1,1.8,0.7
2019-11-30,1.1047333333333331,1.2883857142857142,108.90397619047619,0.9932428571428573,98.02095238095238,57.14761904761903,3106.8257142857146,27807.91,8526.510476190477,1126.351904761905,5892.759047619048,13202.466190476189,1470.3109523809524,62.56285714285714,1.75,-0.4428571428571429,3.5,7.5,3.3,2.2,-0.8,-1.5,2.3,1.3,2.1,1.0
2019-12-31,1.1115363636363635,1.3100227272727276,109.10436363636364,0.9820227272727273,97.43,59.80681818181818,3179.1986363636374,28183.19363636363,8789.673181818183,1135.721363636364,5926.419999999999,13201.808636363636,1482.6436363636365,64.88272727272727,1.75,-0.4336363636363636,3.5,7.4,5.8,1.3,-1.0,-4.1,2.3,1.3,2.3,1.3
