date,eur/usd,gbp/usd,usd/jpy,usd/chf,usd_index,wti_crude,nasdaq,cac_40,gold_usd,fed_rate,euro_libor,us_unemp,eu_unemp,us_retail,eu_retail,us_core_cpi,Year
1999-01-31,1.1599095238095236,1.6505619047619045,113.33476190476186,1.3853761904761908,94.58333333333331,12.471428571428572,2353.0676190476183,4137.265238095238,287.51666666666665,4.75,3.136190476190476,4.3,10.1,6.6,1.8,2.4,1999
1999-02-28,1.120615,1.6276549999999999,116.68249999999998,1.4272450000000003,97.06999999999998,11.9885,2354.8324999999995,4124.2045,287.75750000000005,4.75,3.0935,4.4,10.0,7.7,2.3,2.1,1999
1999-03-31,1.0883695652173917,1.6216826086956515,119.53478260869568,1.462682608695652,99.40521739130432,14.682173913043478,2391.14,4139.752173913043,285.9347826086956,4.75,3.048260869565218,4.2,9.9,7.6,3.4,2.1,1999
1999-04-30,1.0700409090909089,1.6085318181818182,119.79318181818181,1.4945727272727274,100.4681818181818,17.286363636363635,2538.894545454546,4324.717272727273,282.56363636363636,4.75,2.6968181818181822,4.3,9.9,7.0,2.2,2.2,1999
1999-05-31,1.0625095238095241,1.614914285714286,121.94809523809522,1.5080666666666669,101.00333333333332,17.70285714285714,2507.806190476191,4358.982380952381,276.7619047619047,4.75,2.579999999999999,4.2,9.9,7.5,1.3,2.0,1999
1999-06-30,1.0387454545454544,1.5960590909090913,120.74136363636364,1.5361999999999996,102.46545454545452,17.92,2520.958636363637,4435.047272727273,261.3363636363636,4.988636363636363,2.627272727272727,4.3,9.8,6.9,3.0,2.1,1999
1999-07-31,1.0364818181818178,1.5759909090909092,119.44136363636362,1.5475954545454549,102.70636363636363,20.069090909090907,2741.0600000000004,4557.865,256.2363636363636,5.0,2.6750000000000003,4.3,9.8,8.4,2.1,2.1,1999
1999-08-31,1.0605590909090907,1.6053727272727272,113.17954545454545,1.509490909090909,100.26545454545452,21.300909090909084,2642.449090909091,4436.5763636363645,256.7218181818182,5.238636363636363,2.6945454545454544,4.2,9.7,10.1,1.8,1.9,1999
1999-09-30,1.050459090909091,1.6242681818181817,107.07000000000002,1.5253363636363635,99.84863636363636,23.735454545454544,2809.2790909090913,4635.4345454545455,265.16045454545446,5.25,2.727272727272727,4.2,9.7,9.6,1.0,2.0,1999
1999-10-31,1.070709523809524,1.6571952380952384,105.97285714285714,1.4896333333333331,98.2457142857143,22.674761904761905,2815.276666666666,4653.110476190476,310.38809523809516,5.25,3.376666666666668,4.1,9.6,8.0,3.3,2.1,1999
1999-11-30,1.0332454545454546,1.6208,104.64954545454545,1.5541409090909093,100.61681818181818,24.875,3240.4240909090913,5134.751363636365,293.6681818181818,5.488636363636363,3.4677272727272737,4.1,9.5,8.4,2.6,2.1,1999
1999-12-31,1.011904347826087,1.6140869565217393,102.63739130434784,1.5826826086956518,101.75782608695653,26.07565217391305,3750.117826086957,5611.6682608695655,284.3717391304348,5.5,3.442608695652175,4.0,9.5,9.4,2.8,1.9,1999
2000-01-31,1.0136095238095235,1.6402190476190472,105.3,1.589019047619048,101.71285714285715,27.03190476190477,4019.0804761904774,5661.530952380954,285.01238095238097,5.5,3.342380952380952,4.0,9.4,8.6,1.0,2.0,2000
2000-02-29,0.9842476190476191,1.6015190476190475,109.49809523809523,1.6329904761904759,104.43333333333332,29.31285714285714,4409.501904761905,6121.947142857143,300.2466666666666,5.738095238095237,3.5376190476190486,4.1,9.3,9.0,3.7,2.2,2000
2000-03-31,0.9646739130434784,1.5815565217391303,106.34913043478262,1.6629739130434784,105.54347826086956,29.894347826086957,4802.988260869565,6374.750434782607,286.23434782608695,5.9891304347826075,3.7473913043478264,4.0,9.2,9.8,0.4,2.4,2000
2000-04-30,0.94524,1.5812700000000002,105.6725,1.6646400000000001,106.79550000000002,25.562000000000005,3844.579500000001,6237.227499999999,280.13800000000003,6.0,3.9295000000000013,3.8,9.1,7.4,3.7,2.3,2000
2000-05-31,0.9083304347826088,1.5090304347826085,108.19608695652175,1.714882608695652,110.72652173913042,28.880434782608692,3525.4195652173908,6352.641304347826,274.9904347826087,6.478260869565218,4.349130434782609,4.0,9.0,6.5,4.4,2.4,2000
2000-06-30,0.9498863636363638,1.5106363636363638,106.1531818181818,1.6427727272727273,107.1059090909091,31.53,3865.4768181818176,6541.555909090909,286.165,6.5,4.499090909090909,4.0,9.0,7.0,3.2,2.5,2000
2000-07-31,0.939595238095238,1.5086238095238098,108.02190476190478,1.6505571428571426,108.27761904761904,29.807142857142853,4010.3238095238094,6513.132380952382,281.6561904761905,6.5,4.58,4.0,8.9,5.9,2.3,2.5,2000
2000-08-31,0.9043217391304346,1.4890478260869566,108.05826086956522,1.7148130434782611,111.16695652173912,31.13782608695653,3909.59695652174,6562.110869565218,274.6760869565218,6.5,4.774347826086957,4.1,8.9,4.9,0.2,2.6,2000
2000-09-30,0.8709190476190477,1.4345714285714288,106.81190476190477,1.7564285714285712,114.22666666666666,33.865238095238105,3888.553333333335,6553.358095238095,273.69571428571425,6.5,4.850476190476192,3.9,8.8,6.2,4.0,2.6,2000
2000-10-31,0.8536136363636366,1.4511772727272731,108.40409090909093,1.7728454545454546,116.05136363636365,32.93227272727274,3333.8245454545454,6189.454999999999,270.12272727272733,6.5,5.039090909090909,3.9,8.7,5.8,2.5,2.5,2000
2000-11-30,0.8555227272727272,1.4254727272727272,108.94772727272726,1.7776363636363641,116.47590909090906,34.36454545454546,3048.55,6190.3277272727255,266.0795454545455,6.5,5.09090909090909,3.9,8.7,4.2,3.1,2.6,2000
2000-12-31,0.9018238095238096,1.4663666666666668,112.20428571428567,1.6780238095238094,112.62666666666668,28.314761904761905,2649.984285714285,5906.235238095237,272.0595238095238,6.5,4.929999999999999,3.9,8.6,2.2,3.4,2.6,2000
2001-01-31,0.9384347826086956,1.4777304347826083,116.74565217391304,1.6289130434782608,110.09,29.21521739130434,2639.3286956521742,5822.347826086954,265.9239130434783,5.586956521739131,4.770434782608696,4.2,8.5,4.0,4.3,2.6,2001
2001-02-28,0.921085,1.45261,116.21949999999997,1.66809,111.8055,29.5915,2443.008500000001,5634.290499999999,262.255,5.5,4.7555000000000005,4.2,8.4,2.5,3.1,2.7,2001
2001-03-31,0.9088772727272728,1.444268181818182,121.46136363636366,1.6902590909090909,113.9318181818182,27.27136363636363,1986.6631818181816,5200.623181818183,263.0863636363636,5.0227272727272725,4.705,4.3,8.4,0.5,3.5,2.7,2001
2001-04-30,0.8933857142857142,1.4358333333333333,123.67047619047621,1.7113809523809524,115.52857142857141,27.67666666666667,1932.7680952380954,5343.691428571428,261.03571428571416,4.523809523809524,4.6852380952380965,4.4,8.4,3.6,2.7,2.6,2001
2001-05-31,0.8748565217391303,1.4271304347826086,121.70391304347828,1.752908695652174,116.81086956521736,28.68304347826087,2180.885652173913,5555.948695652174,272.4347826086956,4.021739130434782,4.642173913043479,4.3,8.4,3.7,2.1,2.5,2001
2001-06-30,0.8537238095238096,1.4025666666666663,122.40142857142858,1.7840142857142856,118.95000000000002,27.584761904761905,2112.0861904761905,5288.077619047619,271.0476190476191,3.761904761904762,4.450000000000001,4.5,8.4,2.5,3.4,2.7,2001
2001-07-31,0.8616181818181818,1.4153090909090909,124.47636363636367,1.7565772727272728,118.44772727272722,26.492272727272724,2036.0754545454545,4993.263636363636,267.75454545454545,3.75,4.467272727272729,4.6,8.4,2.5,2.2,2.7,2001
2001-08-31,0.9024130434782608,1.4378608695652173,121.32043478260871,1.6793608695652171,114.39,27.30913043478261,1929.7126086956519,4898.345652173913,273.13913043478266,3.510869565217391,4.352608695652174,4.9,8.4,3.1,3.3,2.7,2001
2001-09-30,0.912465,1.46491,118.67999999999996,1.6339650000000006,113.27899999999997,26.372499999999995,1590.2224999999994,4122.4075,283.5900000000001,3.05,3.981500000000002,5.0,8.4,-0.5,2.3,2.6,2001
2001-10-31,0.9061608695652174,1.451973913043478,121.3482608695652,1.6335043478260869,114.21000000000002,22.21260869565217,1656.4282608695655,4279.303913043477,282.9230434782608,2.5217391304347827,3.598260869565217,5.3,8.4,6.4,0.8,2.6,2001
2001-11-30,0.8880272727272728,1.4357727272727272,122.38545454545452,1.6504409090909091,116.0077272727273,19.579090909090905,1871.5686363636369,4515.8263636363645,276.03545454545446,2.022727272727273,3.3854545454545457,5.5,8.5,4.0,1.9,2.8,2001
2001-12-31,0.8916428571428571,1.4426047619047615,127.72142857142856,1.6562333333333334,116.28714285714287,19.581428571428567,1976.9004761904764,4533.447142857144,276.5609523809524,1.761904761904762,3.3428571428571434,5.7,8.5,2.9,2.1,2.7,2001
2002-01-31,0.8832782608695651,1.4332652173913047,132.7608695652174,1.6697739130434783,117.7165217391304,19.72434782608695,1972.7791304347825,4516.878695652174,281.83826086956526,1.75,3.3365217391304345,5.7,8.5,1.7,-0.7,2.6,2002
2002-02-28,0.8705700000000001,1.4233800000000003,133.5035,1.6971349999999998,118.96650000000002,20.762000000000004,1797.2635000000002,4339.1359999999995,296.2075000000001,1.75,3.3555000000000006,5.7,8.5,2.2,1.2,2.6,2002
2002-03-31,0.8767761904761904,1.4234904761904759,131.1495238095238,1.6732333333333334,117.96904761904759,24.55809523809524,1863.0252380952381,4599.071904761904,294.8928571428571,1.75,3.3923809523809534,5.7,8.5,2.8,1.2,2.4,2002
2002-04-30,0.8866590909090909,1.4434681818181818,130.79181818181817,1.6529318181818184,116.88272727272724,26.25818181818181,1758.802272727273,4527.925454545456,303.35909090909087,1.75,3.407272727272727,5.9,8.5,2.9,0.8,2.5,2002
2002-05-31,0.9178347826086956,1.46025652173913,126.31782608695654,1.586786956521739,113.37217391304344,26.879999999999992,1659.9569565217391,4372.203043478262,314.9260869565218,1.75,3.4617391304347827,5.8,8.6,1.2,1.6,2.5,2002
2002-06-30,0.956975,1.485505,123.23200000000001,1.538515,109.6505,25.546,1505.4875000000004,3936.0560000000014,321.275,1.75,3.4615,5.8,8.6,2.5,0.3,2.3,2002
2002-07-31,0.9927826086956522,1.5576,118.01304347826084,1.4726521739130436,105.95739130434784,26.86434782608695,1350.5321739130432,3464.289565217392,313.40869565217395,1.75,3.4069565217391298,5.8,8.7,3.9,1.5,2.2,2002
2002-08-31,0.9778727272727272,1.5372727272727271,119.03272727272729,1.497072727272727,107.39,28.200000000000006,1327.3604545454546,3380.906818181819,310.57727272727277,1.75,3.35,5.7,8.7,4.0,1.7,2.4,2002
2002-09-30,0.9811,1.5563142857142858,120.85,1.4927809523809523,107.2738095238095,29.580476190476194,1251.6771428571428,3063.538095238095,319.5214285714285,1.75,3.31,5.7,8.8,4.5,1.6,2.2,2002
2002-10-31,0.98154347826087,1.5574956521739127,123.94,1.4924913043478258,107.53043478260872,28.86304347826087,1241.9117391304346,2967.080434782609,316.51956521739135,1.75,3.26,5.7,8.8,-1.7,2.7,2.2,2002
2002-11-30,1.0020857142857142,1.5718809523809525,121.5061904761905,1.4647190476190477,105.67523809523807,26.289523809523807,1412.4671428571426,3192.328095238095,319.2833333333333,1.2738095238095235,3.12,5.9,8.9,1.6,0.2,2.0,2002
2002-12-31,1.0216181818181818,1.5885636363636364,121.7559090909091,1.4347,104.18318181818182,29.534090909090914,1386.2786363636358,3115.807727272728,335.46590909090907,1.25,2.936363636363636,6.0,8.9,3.6,-0.6,1.9,2002
2003-01-31,1.0628869565217391,1.6182478260869566,118.77521739130434,1.3753695652173914,100.86173913043476,32.74565217391304,1388.2543478260868,3047.0452173913036,357.6360869565218,1.25,2.83,5.8,9.0,4.1,2.3,1.9,2003
2003-02-28,1.077805,1.6077299999999999,119.4185,1.36107,99.885,35.794500000000006,1314.9255,2811.077500000001,357.61150000000015,1.25,2.6844999999999994,5.9,9.0,2.1,1.3,1.7,2003
2003-03-31,1.0797095238095238,1.5834190476190482,118.75380952380951,1.3616333333333333,99.75095238095238,33.156190476190474,1348.5038095238092,2692.4857142857136,340.07380952380953,1.25,2.5285714285714294,5.9,9.0,4.3,0.2,1.7,2003
2003-04-30,1.0876590909090909,1.5751863636363637,119.81818181818184,1.3768590909090908,99.40272727272726,28.26,1410.4918181818186,2876.3668181818184,329.29090909090905,1.25,2.5318181818181813,6.0,9.0,2.4,1.3,1.5,2003
2003-05-31,1.158031818181818,1.6231181818181823,117.40954545454548,1.3095136363636366,94.3559090909091,28.12863636363636,1525.6604545454545,2950.1677272727275,356.6181818181818,1.25,2.4045454545454543,6.1,9.0,4.0,0.2,1.6,2003
2003-06-30,1.1669857142857143,1.6608523809523812,118.31904761904764,1.319519047619048,93.54142857142858,30.519523809523808,1631.7509523809522,3112.999523809524,356.4861904761905,1.011904761904762,2.1495238095238096,6.3,9.1,4.3,1.0,1.5,2003
2003-07-31,1.137313043478261,1.6241739130434782,118.65260869565216,1.3598391304347826,95.63695652173911,30.67739130434782,1717.0191304347827,3130.062173913044,351.3652173913043,1.0,2.1282608695652163,6.2,9.1,4.3,0.2,1.5,2003
2003-08-31,1.115371428571429,1.594295238095238,118.62238095238096,1.3812904761904763,97.22809523809521,31.59714285714286,1724.8228571428574,3240.8061904761907,360.7380952380952,1.0,2.1366666666666663,6.1,9.1,5.2,0.1,1.3,2003
2003-09-30,1.1257363636363638,1.6137818181818178,114.96363636363638,1.3743772727272725,95.8190909090909,28.361363636363638,1855.5545454545452,3328.376818181818,379.20681818181816,1.0,2.1459090909090914,6.1,9.1,6.1,-0.1,1.2,2003
2003-10-31,1.1701217391304344,1.6779260869565218,109.50869565217393,1.3234217391304346,92.07608695652172,30.345217391304345,1907.891304347826,3314.3121739130434,378.6521739130435,1.0,2.1421739130434783,6.0,9.1,5.2,1.1,1.3,2003
2003-11-30,1.17159,1.690325,109.17350000000002,1.3312199999999998,91.874,30.94550000000001,1940.3035,3403.6915,390.4415,1.0,2.157,5.8,9.1,5.9,-0.6,1.1,2003
2003-12-31,1.2315043478260868,1.7536782608695654,107.7108695652174,1.2625608695652175,88.3686956521739,32.16478260869565,1957.6869565217391,3491.485217391303,409.0252173913044,1.0,2.1443478260869564,5.7,9.1,4.6,0.3,1.1,2003
2004-01-31,1.2601772727272724,1.8209045454545456,106.45,1.2422954545454543,86.45636363636362,34.27409090909091,2096.124545454546,3635.114545454546,413.9690909090911,1.0,2.088636363636364,5.7,9.2,4.7,2.0,1.1,2004
2004-02-29,1.263715,1.8685250000000004,106.6785,1.24528,86.34750000000003,34.534499999999994,2049.9595,3681.3709999999996,404.0365000000001,1.0,2.067999999999999,5.6,9.2,7.0,0.8,1.2,2004
2004-03-31,1.2267043478260868,1.8281086956521744,108.51130434782608,1.2767608695652175,88.45782608695654,36.71826086956522,1979.4786956521734,3655.5026086956514,407.4721739130436,1.0,2.0278260869565226,5.8,9.3,6.9,1.7,1.6,2004
2004-04-30,1.2000590909090911,1.8054227272727277,107.595,1.2953181818181818,89.7959090909091,36.672272727272734,2023.33,3747.8459090909087,404.5386363636365,1.0,2.046818181818182,5.6,9.3,6.1,2.2,1.8,2004
2004-05-31,1.2016571428571432,1.7895238095238095,112.04857142857142,1.2813285714285716,90.4752380952381,40.264761904761905,1932.9785714285715,3631.825714285714,384.53,1.0,2.0847619047619057,5.6,9.3,7.6,0.5,1.7,2004
2004-06-30,1.2149,1.8294954545454545,109.41409090909092,1.2498409090909095,89.155,37.92090909090909,1999.5709090909095,3709.255,391.89818181818185,1.2386363636363635,2.111363636363636,5.6,9.2,5.1,2.1,1.9,2004
2004-07-31,1.2265727272727274,1.8431272727272732,109.47272727272728,1.2454363636363637,88.33636363636361,40.755,1914.742727272727,3630.411818181818,398.14090909090896,1.25,2.116363636363636,5.5,9.2,5.2,1.8,1.8,2004
2004-08-31,1.2191590909090908,1.8197818181818184,110.25545454545454,1.2623409090909092,88.8759090909091,44.88363636363636,1821.5381818181816,3568.604545454545,401.64090909090913,1.4886363636363635,2.1113636363636363,5.4,9.2,3.6,1.1,1.7,2004
2004-09-30,1.2227545454545454,1.793263636363636,110.09181818181818,1.2621363636363634,88.65545454545455,45.81818181818182,1883.5413636363635,3678.629545454545,406.10454545454536,1.7386363636363635,2.1186363636363628,5.4,9.3,6.1,1.2,2.0,2004
2004-10-31,1.2507190476190475,1.8073428571428576,108.82142857142857,1.2334238095238093,86.87809523809523,53.09380952380951,1938.2523809523807,3699.0133333333333,421.0161904761905,1.75,2.1490476190476184,5.5,9.2,7.2,0.1,2.0,2004
2004-11-30,1.3005227272727269,1.8613727272727276,104.68318181818182,1.1698545454545457,83.59818181818183,48.59227272727274,2064.6472727272726,3789.759999999999,439.9254545454546,1.9886363636363635,2.1686363636363644,5.4,9.3,6.3,2.2,2.2,2004
2004-12-31,1.3415434782608695,1.9301347826086956,103.79130434782608,1.145708695652174,81.56913043478261,43.12260869565217,2149.7356521739134,3796.4256521739135,442.5695652173913,2.239130434782609,2.170869565217392,5.4,9.2,8.0,2.3,2.2,2004
2005-01-31,1.3111095238095236,1.8784714285714283,103.26619047619049,1.180004761904762,83.11190476190475,46.924285714285716,2073.4985714285713,3861.6057142857135,424.2838095238097,2.25,2.142380952380953,5.3,9.2,6.5,1.9,2.3,2005
2005-02-28,1.30186,1.8881300000000008,104.9775,1.190995,83.72350000000002,48.20799999999999,2063.965,3991.245,424.3475,2.4875,2.1355000000000004,5.4,9.2,6.9,1.5,2.4,2005
2005-03-31,1.3179391304347825,1.9036739130434783,105.34608695652176,1.1762391304347823,82.89347826086956,54.60434782608696,2028.785217391304,4061.515652173912,433.7334782608697,2.739130434782609,2.134347826086956,5.2,9.2,4.9,2.0,2.3,2005
2005-04-30,1.2943380952380952,1.896614285714286,107.19428571428571,1.1951952380952382,84.26714285714286,53.217619047619046,1957.4928571428575,4027.6576190476176,429.65428571428566,2.75,2.1366666666666667,5.2,9.2,7.7,0.1,2.2,2005
2005-05-31,1.2686409090909092,1.8542818181818184,106.7168181818182,1.2181727272727274,85.68590909090909,49.96636363636364,2008.3068181818185,4049.3881818181817,422.5,2.988636363636364,2.125909090909092,5.1,9.2,4.9,1.1,2.2,2005
2005-06-30,1.2157000000000002,1.818263636363636,108.74363636363636,1.2663772727272729,88.44227272727272,56.3859090909091,2074.0172727272725,4193.214545454545,431.190909090909,3.238636363636364,2.1113636363636363,5.0,9.2,9.2,1.7,2.0,2005
2005-07-31,1.204833333333333,1.7518857142857145,111.94904761904759,1.2936380952380957,89.69666666666664,59.05285714285714,2141.977619047619,4359.465714285715,424.5528571428572,3.25,2.121904761904762,5.0,9.1,8.8,2.3,2.1,2005
2005-08-31,1.2301173913043475,1.794878260869565,110.61347826086956,1.2624608695652173,87.94086956521738,64.99347826086957,2157.848260869566,4445.039999999999,438.06652173913056,3.489130434782609,2.130434782608696,4.9,9.0,7.5,4.2,2.1,2005
2005-09-30,1.2246,1.8077454545454543,111.19454545454548,1.2658409090909093,88.00318181818182,65.57136363636363,2145.6231818181823,4495.600454545454,456.8272727272727,3.738636363636364,2.139090909090909,5.0,9.0,5.9,2.2,2.0,2005
2005-10-31,1.202952380952381,1.7650428571428571,114.87333333333336,1.2873190476190477,89.72190476190475,62.268571428571434,2087.092857142857,4471.4114285714295,469.9138095238097,3.988095238095238,2.1957142857142857,5.0,9.0,5.4,1.9,2.1,2005
2005-11-30,1.1796318181818182,1.7354409090909089,118.46090909090908,1.310072727272727,91.49772727272727,58.25363636363635,2205.570909090909,4533.925454545453,477.7513636363636,4.0,2.3622727272727277,5.0,8.9,5.9,0.5,2.1,2005
2005-12-31,1.1859227272727273,1.7457045454545452,118.40909090909096,1.3057,90.91772727272728,59.3890909090909,2245.2145454545453,4703.7022727272715,509.64909090909083,4.238636363636363,2.4736363636363645,4.9,8.9,4.7,0.7,2.2,2005
2006-01-31,1.211963636363636,1.7665818181818187,115.54409090909093,1.2783454545454542,89.13454545454546,65.46363636363635,2288.4663636363643,4839.683636363636,550.1786363636363,4.477272727272728,2.5140909090909087,4.7,8.8,8.6,1.5,2.1,2006
2006-02-28,1.19422,1.74808,117.8955,1.30538,90.35700000000001,61.88450000000002,2273.1310000000008,4976.5565000000015,555.6275,4.5,2.6010000000000004,4.8,8.8,6.5,2.1,2.1,2006
2006-03-31,1.2032521739130433,1.7444695652173912,117.3465217391304,1.304513043478261,89.96695652173914,62.96608695652175,2300.255652173913,5111.91391304348,558.2969565217389,4.739130434782608,2.7230434782608697,4.7,8.7,7.2,1.3,2.1,2006
2006-04-30,1.228335,1.7691699999999997,116.98200000000001,1.2819850000000002,88.46949999999998,70.173,2337.3015,5179.3145,611.8579999999997,4.75,2.7905000000000006,4.7,8.6,5.8,2.4,2.3,2006
2006-05-31,1.2769217391304348,1.86915652173913,111.84434782608696,1.218826086956522,84.86652173913043,71.0073913043478,2241.78,5080.513478260869,673.0226086956521,4.989130434782608,2.888260869565218,4.6,8.5,6.5,2.7,2.4,2006
2006-06-30,1.2663818181818178,1.8431545454545455,114.69727272727272,1.2319818181818185,85.76590909090909,70.96954545454545,2137.4136363636367,4789.185454545454,596.3318181818181,5.238636363636363,2.9872727272727277,4.6,8.3,4.0,2.5,2.6,2006
2006-07-31,1.269295238095238,1.8448476190476184,115.71333333333335,1.2361857142857142,85.86095238095238,74.53238095238095,2089.404285714286,4910.6100000000015,633.6771428571427,5.25,3.1028571428571428,4.7,8.3,3.6,2.6,2.7,2006
2006-08-31,1.2807826086956522,1.8932608695652176,115.98173913043478,1.2321086956521738,85.04521739130433,73.08347826086955,2117.7708695652177,5073.341739130434,630.6391304347827,5.25,3.2278260869565223,4.7,8.2,5.1,2.8,2.8,2006
2006-09-30,1.2730809523809523,1.88584761904762,117.1938095238095,1.244247619047619,85.56238095238095,64.11904761904763,2221.1657142857143,5157.848571428572,598.5947619047618,5.25,3.3361904761904757,4.5,8.2,4.3,2.1,2.9,2006
2006-10-31,1.2621772727272729,1.8765136363636363,118.62590909090908,1.2597590909090908,86.34272727272726,59.13681818181818,2330.174545454545,5338.785,586.9931818181817,5.25,3.5036363636363643,4.4,8.1,4.1,2.1,2.7,2006
2006-11-30,1.2891954545454551,1.9124090909090912,117.30772727272723,1.2351954545454544,84.84954545454545,59.48636363636364,2411.0436363636372,5414.505000000001,628.2045454545455,5.25,3.5977272727272718,4.5,8.1,3.5,2.5,2.6,2006
2006-12-31,1.3199142857142856,1.9629333333333328,117.45714285714286,1.2106190476190473,83.37857142857143,62.03952380952379,2431.031904761905,5456.867619047618,628.5119047619049,5.25,3.687142857142857,4.4,7.9,4.9,2.6,2.6,2006
2007-01-31,1.2998869565217392,1.9588652173913044,120.39869565217391,1.2425434782608693,84.73695652173912,54.79913043478261,2452.514782608695,5588.322173913042,631.2869565217393,5.25,3.751304347826087,4.6,7.9,1.6,1.8,2.7,2007
2007-02-28,1.3087900000000003,1.9585300000000003,120.439,1.2384700000000002,84.3885,59.321999999999996,2481.5229999999997,5684.217,665.2465000000002,5.25,3.817999999999999,4.5,7.8,2.7,2.3,2.7,2007
2007-03-31,1.3249409090909092,1.947763636363636,117.31318181818182,1.21775,83.48409090909091,60.74045454545455,2401.490909090909,5495.40590909091,654.4568181818181,5.25,3.893636363636364,4.4,7.7,3.2,3.3,2.5,2007
2007-04-30,1.351314285714286,1.9878000000000005,118.99904761904764,1.2127761904761905,82.19000000000003,63.915714285714294,2498.120952380952,5825.561904761906,679.7538095238095,5.25,3.974285714285714,4.5,7.5,2.4,2.5,2.3,2007
2007-05-31,1.350873913043478,1.9833739130434782,120.84956521739129,1.2219521739130434,82.1195652173913,63.51434782608696,2562.572173913043,6051.130000000001,667.5630434782609,5.25,4.07,4.4,7.5,4.1,0.9,2.2,2007
2007-06-30,1.3424190476190474,1.987371428571428,122.66285714285715,1.2328285714285714,82.46714285714285,67.52952380952381,2595.3961904761904,6014.92619047619,655.4519047619048,5.25,4.147619047619047,4.6,7.5,2.8,1.8,2.2,2007
2007-07-31,1.3721045454545455,2.034431818181819,121.46363636363635,1.2072409090909093,80.80909090909091,74.04409090909091,2655.052727272727,5973.486363636363,665.5749999999998,5.25,4.217727272727273,4.7,7.5,2.9,2.0,2.2,2007
2007-08-31,1.3618913043478258,2.0109956521739134,116.79043478260868,1.2035913043478264,80.93478260869566,72.3586956521739,2539.4678260869573,5534.743913043479,665.891304347826,5.25,4.549999999999999,4.6,7.5,2.9,2.2,2.1,2007
2007-09-30,1.391875,2.019725,115.113,1.184785,79.37949999999998,79.39899999999999,2634.2585,5597.1695,713.62,4.8,4.743000000000001,4.7,7.4,4.1,1.9,2.1,2007
2007-10-31,1.4233695652173914,2.0453130434782607,115.92304347826084,1.1743565217391307,77.84782608695652,85.6582608695652,2780.415652173913,5793.716956521739,756.8826086956523,4.510869565217392,4.680434782608693,4.7,7.3,4.6,1.3,2.2,2007
2007-11-30,1.4680590909090911,2.0709999999999997,110.92090909090908,1.1229409090909093,75.6381818181818,94.79272727272728,2659.793181818182,5565.341363636364,806.2122727272726,4.5,4.638181818181818,4.7,7.3,5.3,0.7,2.3,2007
2007-12-31,1.4552285714285715,2.014919047619048,112.47,1.1405142857142858,76.8004761904762,91.9438095238095,2664.541904761905,5619.879047619047,807.1009523809523,4.261904761904762,4.838571428571429,5.0,7.3,3.0,-0.9,2.4,2007
2008-01-31,1.4715565217391309,1.969895652173913,107.88260869565218,1.1015304347826087,75.97869565217394,93.08608695652175,2420.950869565217,5170.818695652171,888.3299999999997,3.4130434782608696,4.489565217391304,5.0,7.3,3.3,1.6,2.5,2008
2008-02-29,1.4758904761904763,1.9639857142857144,107.11,1.0893952380952379,75.69809523809523,95.57095238095238,2324.8909523809525,4845.170000000001,925.5666666666671,3.0,4.365238095238095,4.9,7.3,2.1,1.5,2.3,2008
2008-03-31,1.552785714285714,2.0011,100.79857142857142,1.0114571428571426,72.47,105.20285714285713,2258.2433333333342,4645.934285714286,960.8809523809523,2.2857142857142856,4.606190476190474,5.1,7.3,1.2,-1.6,2.4,2008
2008-04-30,1.5762545454545454,1.9815181818181813,102.68818181818182,1.0140136363636365,72.10545454545455,112.46272727272728,2368.099545454546,4900.191818181818,910.3454545454545,2.011363636363636,4.782727272727271,5.0,7.4,2.1,-1.2,2.3,2008
2008-05-31,1.5560818181818181,1.9662227272727275,104.32181818181816,1.0442272727272728,72.86681818181819,125.61272727272726,2483.15,5022.4340909090915,890.8045454545456,2.0,4.856363636363636,5.4,7.4,1.3,0.8,2.3,2008
2008-06-30,1.5570047619047618,1.967538095238095,106.88142857142859,1.0359952380952382,73.17952380952381,134.0157142857143,2427.4542857142856,4664.552380952381,890.5466666666665,2.0,4.939523809523808,5.6,7.5,2.4,-1.7,2.4,2008
2008-07-31,1.5765347826086955,1.9897130434782604,106.87434782608696,1.0278130434782609,72.54565217391306,133.82739130434783,2276.623478260869,4287.190434782609,940.0213043478259,2.0,4.957826086956518,5.8,7.5,1.4,-1.5,2.5,2008
2008-08-31,1.495338095238095,1.8868333333333336,109.42047619047621,1.0843714285714288,76.06095238095239,116.68809523809526,2389.267142857143,4409.883333333334,836.8385714285713,2.0,4.959523809523809,6.1,7.6,0.3,-1.5,2.5,2008
2008-09-30,1.4364227272727268,1.7998227272727276,106.62136363636364,1.1091727272727274,78.23590909090909,104.0340909090909,2212.184545454546,4220.489090909091,828.8018181818181,2.0,5.0150000000000015,6.1,7.7,-1.6,-0.6,2.5,2008
2008-10-31,1.3283391304347825,1.689508695652174,100.14043478260868,1.142717391304348,83.11086956521739,76.72391304347828,1730.3195652173904,3474.6669565217408,805.0573913043477,1.1521739130434785,5.105652173913042,6.5,7.8,-6.0,-1.8,2.2,2008
2008-11-30,1.2722500000000003,1.52902,96.8055,1.1924499999999998,86.3915,57.29050000000001,1542.3394999999996,3287.2090000000003,760.6570000000003,1.0,4.2325,6.8,8.0,-10.4,-1.6,2.0,2008
2008-12-31,1.3535956521739132,1.4858043478260867,91.10347826086957,1.1365869565217392,82.97347826086958,41.853913043478265,1526.079565217391,3186.8260869565224,825.7417391304347,0.2826086956521739,3.2656521739130433,7.3,8.3,-11.3,-1.5,1.8,2008
2009-01-31,1.3287727272727272,1.4491454545454547,90.36454545454544,1.1252545454545455,83.96409090909091,41.97954545454545,1537.14,3111.0436363636372,862.7790909090909,0.25,2.4718181818181817,7.8,8.7,-10.2,-2.3,1.7,2009
2009-02-28,1.280485,1.44163,92.8445,1.16323,86.53999999999998,39.04200000000001,1485.2110000000002,2911.5440000000012,941.716,0.25,1.9435,8.3,9.0,-9.8,-4.6,1.8,2009
2009-03-31,1.3073454545454544,1.419859090909091,97.73636363636363,1.1538954545454545,86.41136363636362,48.06181818181818,1432.2331818181822,2725.318636363636,926.9554545454546,0.25,1.6340909090909088,8.7,9.3,-11.5,-3.1,1.8,2009
2009-04-30,1.3207000000000002,1.4727772727272732,98.92636363636366,1.1471681818181818,85.25545454545455,49.9540909090909,1641.7004545454545,3006.57,890.7772727272728,0.25,1.421363636363636,9.0,9.5,-11.1,-2.4,1.9,2009
2009-05-31,1.3672285714285717,1.5460095238095242,96.50761904761903,1.1058333333333332,82.03476190476191,59.36666666666666,1727.237142857143,3243.720476190476,930.4,0.25,1.2838095238095242,9.4,9.6,-11.1,-3.6,1.8,2009
2009-06-30,1.4013590909090912,1.637868181818182,96.66772727272728,1.080922727272727,80.11590909090908,69.69545454545457,1826.9881818181814,3242.8536363636363,945.5899999999997,0.25,1.2254545454545456,9.5,9.7,-9.7,-2.7,1.7,2009
2009-07-31,1.4086,1.6386478260869566,94.45565217391304,1.0785521739130433,79.52652173913044,64.28260869565216,1870.079565217392,3211.9800000000005,935.0682608695654,0.25,0.9543478260869565,9.5,9.8,-9.2,-1.9,1.5,2009
2009-08-31,1.4265714285714284,1.6533333333333329,94.9161904761905,1.0678523809523808,78.44809523809525,71.13857142857142,1997.1552380952387,3539.879523809524,949.7342857142855,0.25,0.8276190476190477,9.6,9.9,-6.9,-2.7,1.4,2009
2009-09-30,1.4563818181818182,1.6312727272727268,91.39272727272726,1.0399636363636364,77.05863636363638,69.54227272727272,2082.6118181818188,3732.74,997.9245454545454,0.25,0.7304545454545454,9.8,10.0,-7.7,-3.4,1.5,2009
2009-10-31,1.4818454545454545,1.619950000000001,90.315,1.0216454545454543,76.01045454545455,75.82363636363634,2122.8495454545455,3780.000909090909,1044.994090909091,0.25,0.6899999999999998,10.0,10.0,-3.2,-1.8,1.7,2009
2009-11-30,1.4927666666666666,1.661152380952381,89.11238095238096,1.0116190476190476,75.30809523809523,78.04523809523809,2143.29,3752.730952380952,1131.8904761904762,0.25,0.6752380952380952,9.9,10.1,1.5,-3.0,1.7,2009
2009-12-31,1.4568956521739131,1.6219956521739127,90.04652173913044,1.0306391304347826,76.82739130434781,74.78434782608694,2223.664347826087,3855.9943478260857,1126.7126086956525,0.25,0.6739130434782608,9.9,10.1,4.2,-0.9,1.8,2009
2010-01-31,1.4271619047619046,1.6159333333333332,91.21904761904764,1.0340666666666667,77.80666666666669,78.58,2272.2161904761906,3929.4557142857143,1117.156190476191,0.25,0.6295238095238093,9.8,10.2,2.7,-0.4,1.6,2010
2010-02-28,1.36816,1.56234,90.16100000000002,1.07186,80.1645,76.4805,2195.4275,3687.096500000001,1097.9789999999996,0.25,0.6034999999999997,9.8,10.2,3.3,-0.5,1.3,2010
2010-03-31,1.3574043478260869,1.5060391304347829,90.71739130434784,1.066021739130435,80.67086956521742,81.29,2362.243913043478,3922.151304347825,1114.5804347826086,0.25,0.5891304347826086,9.9,10.2,7.5,1.3,1.1,2010
2010-04-30,1.342795454545454,1.5337181818181818,93.49045454545455,1.0682272727272728,81.23545454545454,84.66818181818184,2473.6204545454552,3980.992272727273,1149.701818181818,0.25,0.5836363636363635,9.9,10.3,7.8,-0.6,0.9,2010
2010-05-31,1.2534857142857143,1.4656380952380952,91.88095238095238,1.1326238095238097,85.41904761904762,74.0442857142857,2314.6242857142856,3561.727619047619,1206.5747619047618,0.25,0.6290476190476193,9.6,10.3,5.9,0.8,0.9,2010
2010-06-30,1.221177272727273,1.4757863636363633,90.80681818181816,1.1263500000000002,86.57545454545453,75.40454545454544,2235.229545454546,3557.954090909091,1233.9827272727273,0.25,0.66,9.4,10.3,4.2,1.0,0.9,2010
2010-07-31,1.2803227272727271,1.5302045454545452,87.5559090909091,1.0531181818181818,83.14045454545455,76.18272727272728,2204.983181818181,3539.2963636363643,1192.9581818181814,0.25,0.785,9.4,10.2,4.1,0.4,0.9,2010
2010-08-31,1.289772727272727,1.5652272727272731,85.3709090909091,1.0392818181818184,82.14954545454547,76.66681818181819,2205.281363636364,3616.85,1217.8731818181818,0.25,0.8299999999999997,9.5,10.2,2.9,1.4,0.9,2010
2010-09-30,1.3092818181818178,1.5574636363636365,84.37636363636362,1.0010863636363636,81.08045454545454,75.48227272727273,2294.28,3723.548181818183,1272.3368181818182,0.25,0.8277272727272728,9.5,10.2,6.1,0.7,0.8,2010
2010-10-31,1.3900095238095238,1.5857285714285714,81.7942857142857,0.9687619047619048,77.46047619047621,81.9747619047619,2441.2957142857144,3799.4295238095237,1344.8061904761905,0.25,0.9352380952380952,9.4,10.2,6.4,0.7,0.6,2010
2010-11-30,1.3640863636363636,1.595218181818182,82.57636363636362,0.9851772727272724,78.44272727272727,84.28954545454545,2531.151818181818,3818.372272727273,1371.8954545454546,0.25,0.9827272727272726,9.8,10.1,6.7,1.6,0.8,2010
2010-12-31,1.322695652173913,1.559852173913043,83.21565217391306,0.9670347826086956,80.06869565217391,89.30999999999997,2633.1130434782613,3848.534347826087,1392.7552173913045,0.25,0.9534782608695652,9.3,10.1,6.7,-0.5,0.8,2010
2011-01-31,1.337404761904762,1.5787857142857142,82.6195238095238,0.9566238095238094,79.15476190476191,89.6642857142857,2719.5247619047627,3960.7147619047614,1360.9452380952382,0.25,0.9533333333333333,9.1,10.1,7.4,0.4,1.0,2011
2011-02-28,1.366185,1.6137,82.57250000000002,0.9494,77.778,89.93449999999999,2782.1799999999994,4086.4025,1375.2815000000005,0.25,1.0375,9.0,10.0,8.1,0.9,1.1,2011
2011-03-31,1.401891304347826,1.6159391304347832,81.64347826086956,0.9186565217391304,76.28869565217391,102.98130434782608,2722.289130434783,3941.634782608695,1422.8969565217394,0.25,1.126521739130435,9.0,10.0,6.7,-1.5,1.2,2011
2011-04-30,1.4472666666666665,1.6385666666666665,83.17190476190474,0.8964380952380955,74.69,110.1452380952381,2798.4433333333336,4022.662857142856,1485.3542857142859,0.25,1.2761904761904759,9.1,10.0,6.6,0.6,1.3,2011
2011-05-31,1.4325409090909091,1.6340136363636366,81.145,0.8734272727272728,74.94272727272728,101.41772727272725,2815.995000000001,3998.641818181818,1512.6036363636365,0.25,1.376363636363636,9.0,10.0,7.4,-1.6,1.5,2011
2011-06-30,1.4400772727272726,1.6218863636363636,80.47090909090909,0.8400136363636364,74.69409090909092,96.2886363636364,2687.7627272727273,3853.320909090909,1528.5627272727274,0.25,1.4336363636363634,9.1,10.0,8.2,-0.9,1.6,2011
2011-07-31,1.4293857142857145,1.6154190476190475,79.27,0.8220666666666667,74.73428571428572,97.31904761904762,2811.299047619047,3817.877619047619,1574.507142857143,0.25,1.5428571428571427,9.0,10.2,8.0,-0.3,1.8,2011
2011-08-31,1.433882608695652,1.635882608695652,77.04217391304348,0.7808,74.23826086956522,86.3408695652174,2504.623043478261,3201.85,1763.9269565217396,0.25,1.5008695652173911,9.0,10.2,7.6,0.0,2.0,2011
2011-09-30,1.3752363636363636,1.577309090909091,76.86136363636362,0.8735772727272729,76.91545454545455,85.62863636363637,2521.849545454546,2983.1059090909102,1772.0009090909093,0.25,1.4845454545454542,9.0,10.4,7.9,-1.2,2.0,2011
2011-10-31,1.3727714285714288,1.5773095238095243,76.67857142857143,0.896342857142857,77.1557142857143,86.42809523809522,2594.781904761905,3148.3885714285716,1671.1866666666665,0.25,1.5095238095238102,8.8,10.5,7.3,-0.7,2.1,2011
2011-11-30,1.3554363636363638,1.5800318181818185,77.53500000000003,0.908331818181818,77.95727272727272,97.145,2598.7990909090922,3033.0036363636373,1739.4954545454543,0.25,1.431818181818182,8.6,10.6,6.6,-1.4,2.2,2011
2011-12-31,1.3149045454545454,1.5589,77.83863636363638,0.9335090909090908,79.62954545454545,98.70136363636362,2602.739545454546,3092.443636363637,1638.6963636363641,0.25,1.3554545454545452,8.5,10.7,6.1,-1.7,2.2,2011
2012-01-31,1.2911545454545452,1.5524,76.93318181818181,0.9376500000000004,80.33363636363636,100.45636363636366,2738.759090909091,3250.6131818181825,1657.144545454545,0.25,1.161818181818182,8.3,10.8,6.4,-0.7,2.3,2012
2012-02-29,1.3237190476190477,1.5804857142857145,78.60285714285716,0.9119333333333332,78.95285714285713,102.42476190476187,2929.913333333333,3420.356666666666,1741.6333333333334,0.25,0.9752380952380956,8.3,10.9,6.7,-2.2,2.2,2012
2012-03-31,1.3213409090909092,1.5831545454545457,82.54363636363638,0.9128454545454544,79.55909090909091,106.20499999999998,3035.915909090909,3490.014090909091,1676.6604545454547,0.25,0.7631818181818182,8.2,11.1,6.2,0.0,2.3,2012
2012-04-30,1.316447619047619,1.6006619047619048,81.27476190476189,0.9131571428571428,79.43,103.3038095238095,3035.6719047619044,3245.836190476191,1649.9238095238095,0.25,0.6590476190476192,8.2,11.2,5.0,-3.2,2.3,2012
2012-05-31,1.2787999999999995,1.5907913043478263,79.67782608695653,0.9396782608695652,80.98782608695652,94.54391304347828,2899.13,3090.5426086956513,1587.675217391304,0.25,0.6130434782608694,8.2,11.3,5.0,-0.5,2.3,2012
2012-06-30,1.2548095238095243,1.5560333333333336,79.35285714285716,0.9571428571428572,82.24619047619045,82.40523809523809,2850.353809523809,3055.889523809524,1600.5252380952381,0.25,0.5723809523809527,8.2,11.4,3.4,-0.7,2.2,2012
2012-07-31,1.2292818181818184,1.5598454545454543,78.97818181818184,0.97715,83.02272727272728,87.89909090909094,2922.658181818181,3199.5536363636365,1593.6704545454545,0.25,0.3822727272727273,8.2,11.5,3.8,-1.9,2.1,2012
2012-08-31,1.2403869565217391,1.5718304347826089,78.68217391304348,0.968417391304348,82.1595652173913,94.16086956521738,3032.666521739131,3425.151739130434,1630.2617391304345,0.25,0.2073913043478261,8.1,11.5,4.7,-0.8,1.9,2012
2012-09-30,1.287395,1.611375,78.16349999999998,0.93935,79.8755,94.5955,3133.7155,3491.1940000000013,1745.7769999999994,0.25,0.15849999999999995,7.8,11.6,4.6,-1.8,2.0,2012
2012-10-31,1.2970086956521738,1.6072347826086957,79.00695652173913,0.932682608695652,79.73782608695652,89.57086956521738,3051.8895652173906,3435.6682608695646,1744.357391304348,0.25,0.13956521739130434,7.8,11.7,4.1,-3.0,2.0,2012
2012-11-30,1.2838500000000002,1.596368181818182,81.05318181818183,0.9386772727272724,80.69590909090911,86.80272727272728,2942.189090909091,3461.476818181818,1722.8872727272726,0.25,0.12999999999999992,7.7,11.8,4.1,-2.2,1.9,2012
2012-12-31,1.3126761904761903,1.6145333333333336,83.91000000000003,0.9208190476190478,79.74857142857142,88.37571428571428,3003.142857142857,3635.8242857142864,1683.414761904762,0.25,0.12476190476190475,7.9,11.9,4.3,-2.3,1.9,2012
2013-01-31,1.330204347826087,1.5974260869565218,89.0991304347826,0.9238956521739128,79.87130434782608,94.81565217391304,3126.0708695652174,3733.970000000001,1671.2839130434784,0.25,0.13608695652173913,8.0,12.0,4.3,-2.3,1.9,2013
2013-02-28,1.33392,1.5465900000000004,93.1265,0.921575,80.60250000000002,95.38849999999998,3171.4320000000002,3679.440500000001,1626.9254999999996,0.25,0.14300000000000002,7.7,12.0,4.2,-1.6,2.0,2013
2013-03-31,1.2956666666666667,1.5082809523809524,94.87190476190479,0.9464238095238096,82.64142857142858,93.15285714285713,3236.3100000000004,3787.305238095238,1593.6004761904765,0.25,0.1285714285714285,7.5,12.1,3.1,-2.2,1.9,2013
2013-04-30,1.3025136363636365,1.530936363636363,97.75863636363636,0.9366500000000002,82.52409090909092,92.06772727272728,3251.3518181818176,3738.290909090909,1485.0350000000005,0.25,0.12818181818181815,7.6,12.1,3.1,-1.1,1.7,2013
2013-05-31,1.2977869565217388,1.5287043478260869,100.98956521739129,0.9564956521739132,83.21478260869564,94.80869565217392,3442.484782608697,3963.920434782608,1416.589565217391,0.25,0.1195652173913044,7.5,12.1,3.7,-0.1,1.7,2013
2013-06-30,1.3199800000000002,1.5497,97.29299999999999,0.9330899999999998,81.87450000000003,95.8005,3416.7415,3792.534000000001,1342.4710000000002,0.25,0.13199999999999995,7.5,12.1,4.9,-1.4,1.6,2013
2013-07-31,1.309486956521739,1.5187217391304346,99.64304347826088,0.944308695652174,82.81521739130436,104.63434782608697,3556.218260869565,3876.5556521739136,1288.0143478260868,0.25,0.1447826086956522,7.3,12.1,5.3,-0.7,1.7,2013
2013-08-31,1.3318590909090908,1.5505590909090914,97.7959090909091,0.925590909090909,81.48318181818183,106.53909090909092,3639.928636363637,4046.308636363637,1353.675909090909,0.25,0.14999999999999994,7.2,12.0,3.8,-0.3,1.8,2013
2013-09-30,1.3361571428571426,1.5874142857142854,99.19666666666667,0.9232,81.20571428571428,106.34523809523809,3725.611904761905,4117.690476190477,1350.7942857142855,0.25,0.15523809523809526,7.2,12.0,3.0,-0.3,1.7,2013
2013-10-31,1.3638956521739132,1.6090869565217392,97.82869565217396,0.9030478260869568,79.8708695652174,100.55260869565215,3848.202608695653,4228.013913043478,1315.89,0.25,0.1673913043478261,7.2,11.9,3.4,-0.4,1.7,2013
2013-11-30,1.3497571428571429,1.6114190476190478,100.10904761904763,0.912585714285714,80.84523809523809,93.87380952380951,3962.406666666666,4279.88,1275.1814285714286,0.25,0.17571428571428566,6.9,11.9,3.2,1.5,1.7,2013
2013-12-31,1.3703,1.6381681818181824,103.59772727272724,0.8937136363636363,80.32318181818181,97.96954545454544,4080.034545454544,4172.005454545454,1221.5009090909089,0.25,0.2472727272727272,6.7,11.9,3.5,-0.3,1.7,2013
2014-01-31,1.362265217391304,1.647304347826087,103.8765217391304,0.9032739130434784,80.79608695652173,94.88782608695652,4156.974782608697,4247.484782608695,1244.07,0.25,0.2695652173913044,6.6,11.9,1.6,0.9,1.6,2014
2014-02-28,1.3669799999999999,1.6565649999999998,102.11549999999998,0.8934549999999999,80.43800000000002,100.76299999999999,4203.1175,4300.8375,1302.6345,0.25,0.2589999999999999,6.7,11.9,1.8,1.1,1.6,2014
2014-03-31,1.3825619047619049,1.6616190476190469,102.35761904761904,0.8806428571428572,79.87238095238095,100.50904761904764,4276.3590476190475,4338.051428571428,1334.8271428571427,0.25,0.2752380952380953,6.7,11.8,3.6,1.1,1.7,2014
2014-04-30,1.3810863636363635,1.6747681818181817,102.51181818181816,0.8830000000000001,79.85,102.14090909090906,4119.407727272725,4441.557272727273,1298.8681818181815,0.25,0.294090909090909,6.3,11.7,5.2,1.9,1.8,2014
2014-05-31,1.3732818181818178,1.6840500000000005,101.83545454545452,0.8888272727272727,79.96227272727273,101.9,4139.995909090909,4483.630454545454,1288.3195454545455,0.25,0.2972727272727273,6.3,11.7,4.9,0.5,2.0,2014
2014-06-30,1.360042857142857,1.6916999999999998,102.06619047619049,0.8955047619047618,80.44,105.14666666666666,4332.737619047619,4522.0085714285715,1282.5704761904765,0.25,0.21428571428571427,6.1,11.5,4.8,1.7,1.9,2014
2014-07-31,1.3537652173913042,1.7074826086956525,101.74956521739132,0.8976652173913043,80.53521739130433,102.44130434782608,4434.8826086956515,4362.04347826087,1311.8165217391306,0.25,0.17391304347826084,6.2,11.6,4.2,0.2,1.9,2014
2014-08-31,1.3314190476190475,1.6698380952380951,102.97857142857141,0.9099857142857142,81.85666666666667,96.07619047619049,4464.830952380953,4249.599047619047,1295.6957142857145,0.25,0.15571428571428567,6.2,11.5,5.3,1.6,1.7,2014
2014-09-30,1.2894863636363636,1.6305545454545454,107.3868181818182,0.9366681818181818,84.36454545454545,93.02727272727272,4553.703181818182,4425.323636363637,1237.9627272727273,0.25,0.06545454545454549,5.9,11.5,5.1,0.7,1.7,2014
2014-10-31,1.268204347826087,1.6075739130434783,108.01826086956522,0.9525347826086954,85.67999999999998,84.33913043478259,4403.229999999999,4129.8095652173915,1223.1047826086956,0.25,0.057391304347826126,5.7,11.5,4.9,1.4,1.8,2014
2014-11-30,1.247455,1.5773149999999998,116.404,0.96402,87.72249999999998,75.32700000000001,4692.899,4261.010999999999,1177.0929999999996,0.25,0.057000000000000016,5.8,11.5,4.8,1.2,1.7,2014
2014-12-31,1.2306739130434785,1.5630086956521738,119.43695652173916,0.9771608695652176,89.19173913043478,59.09130434782608,4735.925217391305,4267.040869565218,1198.5956521739129,0.25,0.060000000000000026,5.6,11.3,3.7,2.4,1.6,2014
2015-01-31,1.1629636363636366,1.5159681818181816,118.32909090909088,0.9424045454545454,92.815,47.52681818181818,4675.258636363637,4380.055909090909,1251.4913636363638,0.25,0.040000000000000015,5.7,11.3,4.1,2.8,1.6,2015
2015-02-28,1.135405,1.53347,118.78200000000001,0.93614,94.4535,50.865,4856.507000000001,4768.503999999999,1226.9979999999996,0.25,0.02650000000000001,5.5,11.2,2.3,3.1,1.7,2015
2015-03-31,1.08285,1.4969136363636366,120.36636363636366,0.9796136363636364,97.89727272727274,47.85409090909091,4938.011363636364,5000.727727272729,1179.5531818181814,0.25,0.01954545454545455,5.5,11.2,3.0,1.9,1.8,2015
2015-04-30,1.0817499999999998,1.4961272727272728,119.51909090909092,0.9601227272727274,97.52045454545454,54.51499999999999,4982.832272727272,5171.378636363635,1200.060909090909,0.25,0.0018181818181818184,5.4,11.1,1.9,2.6,1.8,2015
2015-05-31,1.1157142857142854,1.5455761904761909,120.84095238095236,0.9324809523809524,95.23809523809523,59.30809523809525,5029.589047619047,5059.3419047619045,1199.0514285714287,0.25,-0.013333333333333334,5.5,11.1,2.7,3.4,1.7,2015
2015-06-30,1.123518181818182,1.5586727272727274,123.6818181818182,0.9309272727272728,95.16863636363634,59.82863636363638,5073.042272727274,4927.926363636365,1182.450909090909,0.25,-0.01090909090909091,5.3,11.0,2.7,3.3,1.8,2015
2015-07-31,1.0998434782608701,1.555852173913043,123.32391304347826,0.954526086956522,96.92521739130434,50.99956521739129,5078.859130434783,4956.229565217393,1130.7360869565214,0.25,-0.014347826086956525,5.2,10.8,3.2,4.3,1.8,2015
2015-08-31,1.1145238095238097,1.5579190476190474,123.05428571428577,0.9685380952380952,96.387619047619,42.889047619047616,4934.622380952381,4887.1328571428585,1119.4271428571428,0.25,-0.0261904761904762,5.1,10.7,2.4,3.0,1.8,2015
2015-09-30,1.1236909090909093,1.5333136363636362,120.08909090909091,0.9721545454545456,95.81454545454544,45.48681818181818,4750.91,4526.629545454546,1125.314090909091,0.25,-0.038181818181818185,5.0,10.6,2.3,3.2,1.9,2015
2015-10-31,1.1220045454545455,1.5333409090909094,120.16045454545456,0.9696636363636364,95.71863636363636,46.28954545454546,4879.0363636363645,4715.629545454544,1157.823181818182,0.25,-0.05454545454545457,5.0,10.6,1.8,2.5,1.9,2015
2015-11-30,1.0729333333333333,1.5193714285714288,122.63,1.0098857142857145,99.07,42.86523809523809,5084.651428571428,4910.279523809524,1085.0052380952382,0.25,-0.09619047619047624,5.0,10.5,1.9,1.9,2.0,2015
2015-12-31,1.0898652173913044,1.4980130434782608,121.5791304347826,0.993613043478261,98.31304347826088,37.30478260869565,5040.558260869566,4663.587391304347,1068.4765217391302,0.5,-0.12260869565217387,5.0,10.4,2.9,2.4,2.1,2015
2016-01-31,1.0866095238095241,1.4404238095238096,118.30095238095235,1.0067714285714289,98.79380952380951,31.94571428571428,4618.26761904762,4348.779523809524,1097.0847619047622,0.5,-0.15047619047619046,4.9,10.4,2.8,1.5,2.2,2016
2016-02-29,1.1104238095238097,1.4312952380952384,114.66761904761904,0.9917714285714286,97.04095238095242,30.58142857142857,4457.219999999998,4184.786190476189,1201.1604761904762,0.5,-0.2023809523809524,4.9,10.3,3.9,2.3,2.3,2016
2016-03-31,1.1141913043478262,1.425313043478261,112.94478260869565,0.9809521739130432,96.26565217391304,38.02304347826088,4755.306086956521,4418.960434782607,1243.928260869565,0.5,-0.2430434782608696,5.0,10.2,2.1,1.9,2.2,2016
2016-04-30,1.1339523809523808,1.431409523809524,109.57714285714285,0.9641714285714288,94.40333333333332,41.1247619047619,4892.168095238095,4445.223333333333,1242.1833333333334,0.5,-0.2638095238095237,5.0,10.2,2.6,1.1,2.1,2016
2016-05-31,1.1298409090909092,1.45245,108.99363636363636,0.9791818181818184,94.56772727272724,46.90136363636364,4794.8386363636355,4373.493636363636,1256.3663636363638,0.5,-0.2786363636363638,4.7,10.2,2.1,1.1,2.2,2016
2016-06-30,1.1241681818181821,1.4210636363636364,105.45409090909092,0.9691863636363636,94.6631818181818,48.85318181818183,4856.231818181818,4293.921363636364,1276.220454545455,0.5,-0.28318181818181826,4.9,10.1,2.8,1.1,2.2,2016
2016-07-31,1.1064190476190476,1.3147571428571427,104.09428571428572,0.9819666666666664,96.52857142857144,44.98238095238095,5016.30238095238,4317.636666666667,1339.8580952380948,0.5,-0.3014285714285713,4.9,10.0,2.1,1.3,2.2,2016
2016-08-31,1.12054347826087,1.3104391304347829,101.30869565217392,0.9715478260869562,95.38,44.79913043478261,5217.039130434784,4425.346086956522,1338.4800000000002,0.5,-0.3173913043478262,4.9,9.9,2.2,1.4,2.3,2016
2016-09-30,1.1212863636363637,1.3148454545454549,101.83227272727272,0.9737954545454546,95.47909090909091,45.24454545454545,5253.961363636365,4448.589999999998,1326.5127272727273,0.5,-0.3218181818181819,5.0,9.9,3.0,0.9,2.2,2016
2016-10-31,1.1024285714285715,1.2334333333333336,103.85095238095242,0.9871428571428572,97.71476190476193,49.94,5255.989523809524,4497.570952380952,1265.7838095238094,0.5,-0.3200000000000001,4.9,9.8,3.6,2.8,2.1,2016
2016-11-30,1.0786090909090909,1.2441318181818184,108.63,0.996831818181818,99.76772727272729,45.86454545454546,5266.025,4504.290454545455,1234.0863636363638,0.7272727272727273,-0.3277272727272728,4.6,9.8,3.3,2.7,2.1,2016
2016-12-31,1.0538045454545455,1.2472272727272726,116.11954545454545,1.0200863636363635,102.04136363636364,52.21136363636364,5415.37,4767.903636363636,1150.446818181818,0.75,-0.3327272727272728,4.7,9.6,3.7,1.3,2.2,2016
2017-01-31,1.0631045454545454,1.2353909090909092,114.92136363636364,1.0079181818181822,101.2209090909091,52.82045454545455,5553.896363636363,4863.614090909091,1192.7590909090907,0.75,-0.3399999999999999,4.8,9.6,5.7,1.3,2.3,2017
2017-02-28,1.064115,1.248795,112.986,1.001755,100.6955,53.598,5769.764499999998,4846.6915,1234.9644999999996,0.9875,-0.34799999999999986,4.7,9.5,4.4,1.7,2.2,2017
2017-03-31,1.0687304347826083,1.2347043478260868,112.91391304347826,1.0023043478260871,100.76,49.67391304347826,5864.963913043478,5008.347391304345,1231.3865217391306,1.0,-0.3552173913043479,4.5,9.4,4.7,2.8,2.0,2017
2017-04-30,1.0716700000000001,1.2643799999999998,110.042,1.00094,100.07899999999998,51.221,5909.4005000000025,5120.1179999999995,1271.248,1.0,-0.3600000000000001,4.4,9.2,4.8,2.3,1.9,2017
2017-05-31,1.105608695652174,1.2922304347826088,112.24245652173916,0.9863521739130434,98.23478260869564,48.61130434782609,6128.283043478261,5349.918260869566,1245.7326086956525,1.2173913043478262,-0.3669565217391304,4.3,9.2,4.0,2.5,1.7,2017
2017-06-30,1.1241619047619047,1.2818714285714288,110.95209523809523,0.967614285714286,96.93571428571433,45.31285714285713,6223.6957142857145,5262.928095238093,1260.5066666666671,1.25,-0.3700000000000001,4.3,9.0,3.5,3.1,1.7,2017
2017-07-31,1.1532047619047618,1.2999857142857143,112.38423809523808,0.9601285714285716,94.91571428571426,46.643809523809516,6287.825238095237,5174.990952380952,1237.540476190476,1.25,-0.3757142857142857,4.3,9.1,3.7,2.1,1.7,2017
2017-08-31,1.1818260869565216,1.2957130434782609,109.8363695652174,0.9652565217391303,93.17521739130434,48.05782608695652,6311.397391304348,5122.707391304348,1284.3895652173912,1.25,-0.3734782608695652,4.4,9.0,3.7,1.8,1.7,2017
2017-09-30,1.1906333333333332,1.3314428571428572,110.80988095238094,0.9625809523809524,92.34,49.764285714285705,6425.57857142857,5208.769523809523,1315.4504761904766,1.25,-0.3771428571428571,4.2,8.9,5.2,3.9,1.7,2017
2017-10-31,1.1755590909090907,1.3201499999999995,112.96113636363638,0.9821545454545454,93.7031818181818,51.59454545454546,6603.011818181819,5389.8322727272725,1280.7331818181815,1.25,-0.38,4.1,8.8,5.3,0.3,1.8,2017
2017-11-30,1.1744136363636362,1.3230090909090906,112.82477272727272,0.9913272727272728,93.9618181818182,56.74272727272728,6800.277727272728,5397.969999999998,1282.0536363636365,1.4886363636363635,-0.38,4.1,8.7,6.1,3.7,1.7,2017
2017-12-31,1.1837428571428572,1.3404761904761904,112.90338095238093,0.9870761904761904,93.38,58.04333333333334,6891.955238095239,5372.589047619047,1266.659523809524,1.5,-0.38380952380952377,4.1,8.6,5.3,2.2,1.8,2017
2018-01-31,1.2200454545454544,1.3827772727272725,110.89488636363636,0.960740909090909,90.7559090909091,63.70909090909092,7276.961363636365,5482.949090909091,1332.1531818181818,1.5,-0.38045454545454543,4.1,8.6,3.9,1.4,1.8,2018
2018-02-28,1.23436,1.3961749999999995,107.8669,0.9346700000000001,89.69449999999998,62.1585,7165.3989999999985,5257.805499999999,1331.656,1.5,-0.38,4.1,8.6,4.5,1.8,1.8,2018
2018-03-31,1.2336636363636364,1.397690909090909,106.09763636363635,0.9481772727272728,89.87681818181818,62.78272727272727,7291.442272727273,5198.414545454547,1326.2018181818185,1.75,-0.3804545454545453,4.1,8.5,5.1,1.7,2.1,2018
2018-04-30,1.2274095238095235,1.4070095238095242,107.62333333333332,0.9686428571428572,90.29333333333334,66.32571428571428,7084.142380952379,5336.1190476190495,1334.927142857143,1.75,-0.36285714285714304,3.9,8.4,4.8,1.6,2.1,2018
2018-05-31,1.1812347826086955,1.346052173913043,109.71008695652176,0.9972739130434782,93.33652173913043,69.86130434782609,7342.10695652174,5537.093478260868,1303.307391304348,1.9782608695652173,-0.35086956521739115,3.8,8.2,6.4,1.7,2.2,2018
2018-06-30,1.1672761904761908,1.3284619047619048,110.12885714285713,0.9901619047619044,94.37190476190477,67.32285714285715,7644.118571428569,5408.2414285714285,1280.396190476191,2.0,-0.3571428571428573,4.0,8.2,6.1,1.5,2.3,2018
2018-07-31,1.1685863636363636,1.3169909090909093,111.47354545454546,0.9944727272727272,94.60863636363636,70.74727272727272,7745.31,5409.368181818183,1237.8122727272726,2.0,-0.3600000000000001,3.9,8.2,6.7,1.0,2.4,2018
2018-08-31,1.1548043478260868,1.2877913043478262,111.03578260869564,0.9879956521739132,95.47695652173914,67.84,7892.2339130434775,5438.329130434784,1201.6047826086956,2.239130434782609,-0.3595652173913045,3.9,8.1,6.5,2.2,2.2,2018
2018-09-30,1.1660100000000002,1.3056900000000002,112.04137500000002,0.968405,94.75299999999999,70.078,7988.703999999998,5381.654,1197.989,2.25,-0.3539999999999999,3.7,8.1,4.2,0.3,2.2,2018
2018-10-31,1.1480608695652177,1.300795652173913,112.79523913043478,0.9941869565217392,95.8513043478261,70.75782608695653,7527.083913043478,5170.1430434782615,1215.3752173913044,2.25,-0.35304347826086946,3.7,8.0,4.8,2.3,2.1,2018
2018-11-30,1.1363818181818184,1.2895727272727269,113.33715909090913,1.0007954545454545,96.75909090909092,56.56954545454546,7224.089999999998,5035.077727272727,1220.8109090909088,2.4318181818181817,-0.3604545454545456,3.7,7.9,4.1,1.8,2.2,2018
2018-12-31,1.1374789473684213,1.2665736842105262,112.24802631578945,0.9920105263157892,96.89368421052629,49.03947368421053,6870.751578947371,4788.226315789474,1251.9368421052632,2.5,-0.3547368421052632,3.9,7.8,1.6,0.3,2.2,2018
2019-01-31,1.141927272727273,1.290918181818182,108.9489090909091,0.9895545454545456,95.95727272727272,51.665000000000006,6975.970454545455,4822.421363636364,1292.2559090909087,2.5,-0.335,4.0,7.8,2.8,2.2,2.2,2019
2019-02-28,1.134845,1.301245,110.463025,1.001725,96.47650000000002,55.027,7432.912500000001,5118.163000000001,1319.3804999999998,2.5,-0.3384999999999999,3.8,7.8,2.2,2.8,2.1,2019
2019-03-31,1.1298190476190475,1.3171761904761905,111.13623809523807,1.0003238095238094,96.7752380952381,58.16809523809525,7629.36619047619,5315.3052380952395,1300.7866666666666,2.5,-0.3366666666666666,3.8,7.7,3.6,1.9,2.0,2019
2019-04-30,1.1232590909090907,1.3028272727272727,111.68852272727273,1.0086227272727273,97.38454545454547,63.95409090909092,7995.064090909091,5518.67409090909,1285.7550000000006,2.5,-0.3522727272727271,3.6,7.6,3.1,1.5,2.1,2019
2019-05-31,1.118286956521739,1.2840608695652171,109.97758695652172,1.0106347826086957,97.72043478260866,60.79304347826087,7796.235217391306,5368.564782608696,1284.0282608695652,2.5,-0.3539130434782609,3.6,7.5,3.2,1.3,2.0,2019
2019-06-30,1.1295450000000002,1.26749,108.06895,0.9879450000000002,96.87300000000002,54.70649999999999,7825.459000000002,5420.2965,1361.5790000000004,2.4125,-0.369,3.7,7.5,3.4,2.6,2.1,2019
2019-07-31,1.1212956521739132,1.2463347826086957,108.25086956521736,0.988017391304348,97.24652173913042,57.51999999999999,8203.693478260871,5578.656086956522,1415.3891304347824,2.25,-0.4021739130434783,3.7,7.5,3.4,2.2,2.2,2019
2019-08-31,1.1122636363636362,1.21525,106.21863636363639,0.9790681818181816,98.0081818181818,54.84409090909091,7910.93272727273,5351.8890909090915,1503.6004545454548,2.0,-0.43409090909090897,3.7,7.4,4.1,2.1,2.4,2019
2019-09-30,1.1007714285714287,1.235604761904762,107.51228571428571,0.9908380952380952,98.60000000000002,56.85571428571429,8077.530952380955,5607.483809523808,1507.8866666666665,1.9047619047619049,-0.4499999999999999,3.5,7.5,4.1,3.1,2.4,2019
2019-10-31,1.1056391304347826,1.2657608695652172,108.1671956521739,0.9932043478260868,98.2578260869565,54.00608695652174,8079.279130434781,5623.614782608695,1494.871739130435,1.75,-0.43826086956521737,3.6,7.5,3.1,1.4,2.3,2019
2019-11-30,1.1047333333333331,1.2883857142857142,108.90397619047621,0.9932428571428572,98.02095238095238,57.14761904761903,8526.510476190477,5892.759047619048,1470.3109523809524,1.75,-0.4428571428571429,3.5,7.5,3.3,2.2,2.3,2019
2019-12-31,1.1115363636363635,1.3100227272727276,109.10436363636364,0.9820227272727272,97.43,59.80681818181818,8789.673181818183,5926.419999999999,1482.6436363636365,1.75,-0.4336363636363636,3.5,7.4,5.8,1.3,2.3,2019
